num,character,char_slug,emotion,text,input_text,filename
001,주인공(사령관),commander,,"얼마나, 잤지?","얼마나, 잤지?",commander_001.mp3
002,주인공(사령관),commander,,지구는... 아직도?,지구는... 아직도?,commander_002.mp3
003,주인공(사령관),commander,,"고향이, 아직 저 위에 있군.","고향이, 아직 저 위에 있군.",commander_003.mp3
004,주인공(사령관),commander,,사람이? 아직 누가 남아 있다고?,사람이? 아직 누가 남아 있다고?,commander_004.mp3
005,주인공(사령관),commander,,고작 장사로 봉쇄를 뚫겠다고?,고작 장사로 봉쇄를 뚫겠다고?,commander_005.mp3
006,주인공(사령관),commander,,좀 오래 잠들어 있었습니다. 이제 막 깼고요.,좀 오래 잠들어 있었습니다. 이제 막 깼고요.,commander_006.mp3
007,주인공(사령관),commander,,"지금은 고철뿐입니다. 하지만 곧, 훨씬 큰 걸 들고 오죠.","지금은 고철뿐입니다. 하지만 곧, 훨씬 큰 걸 들고 오죠.",commander_007.mp3
008,주인공(사령관),commander,,거북선…?,거북선…?,commander_008.mp3
009,주인공(사령관),commander,,"그 사람은, 지금 어디 있지?","그 사람은, 지금 어디 있지?",commander_009.mp3
010,주인공(사령관),commander,,잘 부탁해.,잘 부탁해.,commander_010.mp3
011,주인공(사령관),commander,,구한다.,구한다.,commander_011.mp3
012,주인공(사령관),commander,,간다.,간다.,commander_012.mp3
013,주인공(사령관),commander,,"크리그를, 벌써 여기서 만나는군.","크리그를, 벌써 여기서 만나는군.",commander_013.mp3
014,주인공(사령관),commander,,사람부터 꺼낸다.,사람부터 꺼낸다.,commander_014.mp3
015,주인공(사령관),commander,,"백구, 육십이 퍼센트면 충분해.","백구, 육십이 퍼센트면 충분해.",commander_015.mp3
016,주인공(사령관),commander,,마르코 폴로. 이 구역 독립 중개상이라고 했어. 치크스 눈 피해 밀무역하는 사람 — 그가 통신 장비를 갖고 있을 거야.,마르코 폴로. 이 구역 독립 중개상이라고 했어. 치크스 눈 피해 밀무역하는 사람 — 그가 통신 장비를 갖고 있을 거야.,commander_016.mp3
017,주인공(사령관),commander,,여긴 은하 공용 항로다. 비켜.,여긴 은하 공용 항로다. 비켜.,commander_017.mp3
018,주인공(사령관),commander,,"발굴한다. 살아있는 거라면, 더더욱.","발굴한다. 살아있는 거라면, 더더욱.",commander_018.mp3
019,주인공(사령관),commander,,오르크를 잡으면 다음 경로가 열려. 출발한다.,오르크를 잡으면 다음 경로가 열려. 출발한다.,commander_019.mp3
020,주인공(사령관),commander,,"치크스 변이 포자 ×삼, 마침 이 구역 화물이다. 위장 미끼로 써먹자.","치크스 변이 포자 ×삼, 마침 이 구역 화물이다. 위장 미끼로 써먹자.",commander_020.mp3
021,주인공(사령관),commander,,설계도를 없앤다. 그리고 테슬라도 산 채로 꺼낸다. …사람부터다.,설계도를 없앤다. 그리고 테슬라도 산 채로 꺼낸다. …사람부터다.,commander_021.mp3
022,주인공(사령관),commander,,"지하 감옥 진입 루트 — 마르코, 구역 지도 뽑을 수 있어?","지하 감옥 진입 루트 — 마르코, 구역 지도 뽑을 수 있어?",commander_022.mp3
023,주인공(사령관),commander,,"이순신 장군이 수백 년째 저기 갇혀 있다. 오늘, 우리가 끝낸다.","이순신 장군이 수백 년째 저기 갇혀 있다. 오늘, 우리가 끝낸다.",commander_023.mp3
024,주인공(사령관),commander,,장군. 함께 갑시다.,장군. 함께 갑시다.,commander_024.mp3
025,주인공(사령관),commander,,함께 처리하자.,함께 처리하자.,commander_025.mp3
026,주인공(사령관),commander,,아우레우스 정보 칩으로 좌표 분석. 진입한다.,아우레우스 정보 칩으로 좌표 분석. 진입한다.,commander_026.mp3
027,주인공(사령관),commander,,"아이젠클로. 백 년 봉쇄의 집행관. 오늘, 네 쇠사슬을 여기서 끊는다.","아이젠클로. 백 년 봉쇄의 집행관. 오늘, 네 쇠사슬을 여기서 끊는다.",commander_027.mp3
028,주인공(사령관),commander,,"들어간다. 아우레우스 태양핵 셋, 메카니카 양자칩 셋 — 충분해.","들어간다. 아우레우스 태양핵 셋, 메카니카 양자칩 셋 — 충분해.",commander_028.mp3
029,주인공(사령관),commander,,진입한다.,진입한다.,commander_029.mp3
030,주인공(사령관),commander,,전 함대. 진형 학익진. 거북선 중앙. 진입한다.,전 함대. 진형 학익진. 거북선 중앙. 진입한다.,commander_030.mp3
031,주인공(사령관),commander,,아이젠클로. 백 년 동안 인류를 가뒀던 책임 — 오늘 끝낸다.,아이젠클로. 백 년 동안 인류를 가뒀던 책임 — 오늘 끝낸다.,commander_031.mp3
032,주인공(사령관),commander,,발사.,발사.,commander_032.mp3
033,주인공(사령관),commander,,모두. 발사.,모두. 발사.,commander_033.mp3
034,주인공(사령관),commander,,백구.,백구.,commander_034.mp3
035,주인공(사령관),commander,,내려간다.,내려간다.,commander_035.mp3
036,주인공(사령관),commander,,어디든. 우리는 함께다.,어디든. 우리는 함께다.,commander_036.mp3
037,주인공(사령관),commander,,이순신 제독님.,이순신 제독님.,commander_037.mp3
038,주인공(사령관),commander,,아직 봉쇄 중입니다.,아직 봉쇄 중입니다.,commander_038.mp3
039,주인공(사령관),commander,,네. 백 년이 지났습니다.,네. 백 년이 지났습니다.,commander_039.mp3
040,주인공(사령관),commander,,당신은…?,당신은…?,commander_040.mp3
041,주인공(사령관),commander,,찾았습니다. 설계도 한 권을 가지고 있습니다.,찾았습니다. 설계도 한 권을 가지고 있습니다.,commander_041.mp3
042,주인공(사령관),commander,,예상했다고요?,예상했다고요?,commander_042.mp3
043,주인공(사령관),commander,,광개토대왕.,광개토대왕.,commander_043.mp3
044,백구,baekgu,,"사령관. 기상하세요. 에너지 잔량 칠 퍼센트 — 이 경보 울리려고, 마지막 한 줌까지 긁어모았어요.","사령관. 기상하세요. 에너지 잔량 칠 퍼센트 — 이 경보 울리려고, 마지막 한 줌까지 긁어모았어요.",baekgu_001.mp3
045,백구,baekgu,,"백 년 삼 개월 십이 일. 그동안 저는 한 번도 전원을 끄지 않았어요. 끄면, 깨워 줄 사람이 없을 것 같아서요.","백 년 삼 개월 십이 일. 그동안 저는 한 번도 전원을 끄지 않았어요. 끄면, 깨워 줄 사람이 없을 것 같아서요.",baekgu_002.mp3
046,백구,baekgu,,"우르사 메이저의 봉쇄, 그대로입니다. 떠날 때보다 오히려 더 조여졌어요.","우르사 메이저의 봉쇄, 그대로입니다. 떠날 때보다 오히려 더 조여졌어요.",baekgu_003.mp3
047,백구,baekgu,,네. 그러니 감상은 나중에 하세요 — 일단 살아야 그 고향에 갑니다. 격납고에 고철 프레임이 흩어져 있어요. 수거하면 멈춘 엔진에 다시 불을 붙일 수 있습니다.,네. 그러니 감상은 나중에 하세요 — 일단 살아야 그 고향에 갑니다. 격납고에 고철 프레임이 흩어져 있어요. 수거하면 멈춘 엔진에 다시 불을 붙일 수 있습니다.,baekgu_004.mp3
048,백구,baekgu,,"볼프 교역소예요. 수퍼비아 내권역의 낡은 정거장 — 그런데 사령관님, 불이 켜져 있어요. 백 년 만에 처음 보는 '살아있는' 신호입니다.","볼프 교역소예요. 수퍼비아 내권역의 낡은 정거장 — 그런데 사령관님, 불이 켜져 있어요. 백 년 만에 처음 보는 '살아있는' 신호입니다.",baekgu_005.mp3
049,백구,baekgu,,"버티는 거죠, 우리처럼. 저들에게 중력수정을 싸게 사서 아우레우스에 넘기면 사십 퍼센트 차익 — 첫 자금이에요.","버티는 거죠, 우리처럼. 저들에게 중력수정을 싸게 사서 아우레우스에 넘기면 사십 퍼센트 차익 — 첫 자금이에요.",baekgu_006.mp3
050,백구,baekgu,,"큰 불도 불씨 하나에서 시작해요. 살아남는 게, 반격의 첫 걸음입니다.","큰 불도 불씨 하나에서 시작해요. 살아남는 게, 반격의 첫 걸음입니다.",baekgu_007.mp3
051,백구,baekgu,,"사령관님, 저 안쪽 노인한테서 백 년 묵은 데이터 냄새가 나요. 제가 먼저 가볼게요.","사령관님, 저 안쪽 노인한테서 백 년 묵은 데이터 냄새가 나요. 제가 먼저 가볼게요.",baekgu_008.mp3
052,백구,baekgu,,"설계도 단편 삼분의 일, 골격도예요. 사령관님, 이건 단순한 함선이 아닙니다. 우르사 메이저조차 두려워했던 전설이에요.","설계도 단편 삼분의 일, 골격도예요. 사령관님, 이건 단순한 함선이 아닙니다. 우르사 메이저조차 두려워했던 전설이에요.",baekgu_009.mp3
053,백구,baekgu,,"나머지 두 조각을 모으는 길이, 곧 그 전설을 만나는 길입니다.","나머지 두 조각을 모으는 길이, 곧 그 전설을 만나는 길입니다.",baekgu_010.mp3
054,백구,baekgu,,"마르코 폴로 — 정보 브로커 등록. 허풍인지 진짜인지는, 제가 지켜볼게요.","마르코 폴로 — 정보 브로커 등록. 허풍인지 진짜인지는, 제가 지켜볼게요.",baekgu_011.mp3
055,백구,baekgu,,"아우레우스 내권역이에요. 세금도 규정도 빡빡해요 — 대신 수퍼비아 중력수정은 여기선 희귀품, 비싸게 팔려요.","아우레우스 내권역이에요. 세금도 규정도 빡빡해요 — 대신 수퍼비아 중력수정은 여기선 희귀품, 비싸게 팔려요.",baekgu_012.mp3
056,백구,baekgu,,거북선 설계도 단편 삼분의 이 확보 — 외피 가시 돌기 구조도. 코어 단편 하나만 더면 복원됩니다.,거북선 설계도 단편 삼분의 이 확보 — 외피 가시 돌기 구조도. 코어 단편 하나만 더면 복원됩니다.,baekgu_013.mp3
057,백구,baekgu,,"크리그 소형 삼, 중형 지휘선 일. 그리고 — 민간 광부 일곱 명이 안에 잡혀 있어요. …이건, 마음에 안 들어요.","크리그 소형 삼, 중형 지휘선 일. 그리고 — 민간 광부 일곱 명이 안에 잡혀 있어요. …이건, 마음에 안 들어요.",baekgu_014.mp3
058,백구,baekgu,,"해적 소형 이, 지휘선 일 — 외곽 배치. 제가 먼저 길 열게요.","해적 소형 이, 지휘선 일 — 외곽 배치. 제가 먼저 길 열게요.",baekgu_015.mp3
059,백구,baekgu,,생존 확률 육십이 퍼센트. 이순신 구출 시 크리그 전략 정보 확보 팔십구 퍼센트.,생존 확률 육십이 퍼센트. 이순신 구출 시 크리그 전략 정보 확보 팔십구 퍼센트.,baekgu_016.mp3
060,백구,baekgu,,"사실은, 사령관님이랑이면 백 퍼센트라고 적고 싶었어요. …그냥요.","사실은, 사령관님이랑이면 백 퍼센트라고 적고 싶었어요. …그냥요.",baekgu_017.mp3
061,백구,baekgu,,"말로 통할 상대가 아니에요. 전투 모드 전환, 적 세 기 포착.","말로 통할 상대가 아니에요. 전투 모드 전환, 적 세 기 포착.",baekgu_018.mp3
062,백구,baekgu,,"우주어 자동 번역 활성화. …백 년입니다, 장군님.","우주어 자동 번역 활성화. …백 년입니다, 장군님.",baekgu_019.mp3
063,백구,baekgu,,SW일 무기 세트 + SA일 장갑 세트 자동 장착 완료. 화력 대폭 상승.,SW일 무기 세트 + SA일 장갑 세트 자동 장착 완료. 화력 대폭 상승.,baekgu_020.mp3
064,백구,baekgu,,"임무 완료. 다음 항로 — 저항군에게 손을 내밀러 갑니다. 이제, 혼자가 아니에요.","임무 완료. 다음 항로 — 저항군에게 손을 내밀러 갑니다. 이제, 혼자가 아니에요.",baekgu_021.mp3
065,백구,baekgu,,페스작센 외곽 — 약 이백 년 전 좌표의 잔해 신호 감지. 옛 지구 해군 식별 코드 'HMS Victory'.,페스작센 외곽 — 약 이백 년 전 좌표의 잔해 신호 감지. 옛 지구 해군 식별 코드 'HMS Victory'.,baekgu_022.mp3
066,백구,baekgu,,영웅 합류: 호레이쇼 넬슨. 옛 지구 해군 진형 데이터 입수 → 학익진 명중률 +십오 퍼센트.,영웅 합류: 호레이쇼 넬슨. 옛 지구 해군 진형 데이터 입수 → 학익진 명중률 +십오 퍼센트.,baekgu_023.mp3
067,백구,baekgu,,공장 지하 연구동에서 보존 캡슐 발견 — 생체 반응! 살아있어요.,공장 지하 연구동에서 보존 캡슐 발견 — 생체 반응! 살아있어요.,baekgu_024.mp3
068,백구,baekgu,,"임무 완료. 집행관 격파, 이휘소 박사 합류. 이제 캅테인 균열을 지나 — 우르사 메이저의 본거지로 향합니다.","임무 완료. 집행관 격파, 이휘소 박사 합류. 이제 캅테인 균열을 지나 — 우르사 메이저의 본거지로 향합니다.",baekgu_025.mp3
069,백구,baekgu,,"아이젠클로 기함 포착 — 크기 두 배, 장갑 등급 이상. …이 냄새, 적의 우두머리예요. 전 함선, 전투 준비!","아이젠클로 기함 포착 — 크기 두 배, 장갑 등급 이상. …이 냄새, 적의 우두머리예요. 전 함선, 전투 준비!",baekgu_026.mp3
070,백구,baekgu,,캅테인b 균열. 시공이 뒤틀려 있어요. 아우레우스 태양핵 안정화 코어가 없으면 함대가 분해돼요.,캅테인b 균열. 시공이 뒤틀려 있어요. 아우레우스 태양핵 안정화 코어가 없으면 함대가 분해돼요.,baekgu_027.mp3
071,백구,baekgu,,⚠ 좌우 시공축 플러스 마이너스 영쩜삼 변동. 함대 자세 보정 중.,⚠ 좌우 시공축 플러스 마이너스 영쩜삼 변동. 함대 자세 보정 중.,baekgu_028.mp3
072,백구,baekgu,,영웅 합류: A. 아인슈타인. 팔영웅 완전체 — 함대 최종 강화 상태.,영웅 합류: A. 아인슈타인. 팔영웅 완전체 — 함대 최종 강화 상태.,baekgu_029.mp3
073,백구,baekgu,,거북선 + 팔영웅 + 보이드 방어막 해석 장비 + 시공 보정 알고리즘 — 모든 준비 완료.,거북선 + 팔영웅 + 보이드 방어막 해석 장비 + 시공 보정 알고리즘 — 모든 준비 완료.,baekgu_030.mp3
074,백구,baekgu,,"임무 완료. 이제, 마지막입니다 — 제타 레티쿨리, 그리고 지구. 우르사 메이저를 끝장내고, 지구를 되찾으러 갑니다.","임무 완료. 이제, 마지막입니다 — 제타 레티쿨리, 그리고 지구. 우르사 메이저를 끝장내고, 지구를 되찾으러 갑니다.",baekgu_031.mp3
075,백구,baekgu,,제타 레티쿨리. 우르사 메이저 본거지에 도착했어요. 적함 신호 — 총 서른 기 식별.,제타 레티쿨리. 우르사 메이저 본거지에 도착했어요. 적함 신호 — 총 서른 기 식별.,baekgu_032.mp3
076,백구,baekgu,,전투력 일 천만 단위! 하지만 — 거북선과 팔영웅이 함께라면 못할 게 없어요.,전투력 일 천만 단위! 하지만 — 거북선과 팔영웅이 함께라면 못할 게 없어요.,baekgu_033.mp3
077,백구,baekgu,,사령관. 백 년 삼 개월 십이 일 동안 — 당신을 기다린 보람이 있었어요.,사령관. 백 년 삼 개월 십이 일 동안 — 당신을 기다린 보람이 있었어요.,baekgu_034.mp3
078,백구,baekgu,,좌표 — 지구. 항법 입력 완료. 가시죠.,좌표 — 지구. 항법 입력 완료. 가시죠.,baekgu_035.mp3
079,백구,baekgu,,이겨야 하는 싸움입니다.,이겨야 하는 싸움입니다.,baekgu_036.mp3
080,백구,baekgu,,사령관… 저도 이제 알겠습니다. 저는 백 년간 당신을 기다리도록 설계된 프로그램이었습니다.,사령관… 저도 이제 알겠습니다. 저는 백 년간 당신을 기다리도록 설계된 프로그램이었습니다.,baekgu_037.mp3
081,백구,baekgu,,십 만 크레딧 무역 실적 보유 팀이 왔습니다.,십 만 크레딧 무역 실적 보유 팀이 왔습니다.,baekgu_038.mp3
082,백구,baekgu,,지금 위치: . 행성 광장에서 퀘스트·상점·주점 이용 가능.,지금 위치: . 행성 광장에서 퀘스트·상점·주점 이용 가능.,baekgu_039.mp3
083,백구,baekgu,,잡파츠 정리 완료. 크레딧 들어왔어.,잡파츠 정리 완료. 크레딧 들어왔어.,baekgu_040.mp3
084,백구,baekgu,,강화 실패... 이 단계 후퇴해서 +이 됐어. 재료를 더 모아서 다시 도전해.,강화 실패... 이 단계 후퇴해서 +이 됐어. 재료를 더 모아서 다시 도전해.,baekgu_041.mp3
085,백구,baekgu,,강화 실패... 다음엔 운이 따르길.,강화 실패... 다음엔 운이 따르길.,baekgu_042.mp3
086,백구,baekgu,,"검은 함선과의 만남 끝났어. 보이드가 선물로 팔콘 척, 신화 설계도 장, 신화 파츠 다섯 종, VC 개, VE 을 남겼어. 보이드 행성 백 퍼센트 투자하면 마지막 시험 열려!","검은 함선과의 만남 끝났어. 보이드가 선물로 팔콘 척, 신화 설계도 장, 신화 파츠 다섯 종, VC 개, VE 을 남겼어. 보이드 행성 백 퍼센트 투자하면 마지막 시험 열려!",baekgu_043.mp3
087,백구,baekgu,,신화급 파츠야! . 상점에서는 절대 못 사는 거야.,신화급 파츠야! . 상점에서는 절대 못 사는 거야.,baekgu_044.mp3
088,백구,baekgu,,설계도 드랍! 설계도야. 재료 모아서 제작소에서 만들어봐!,설계도 드랍! 설계도야. 재료 모아서 제작소에서 만들어봐!,baekgu_045.mp3
089,백구,baekgu,,"넬슨의 일점사야! 전 함대, 한 척에 화력 집중! ATT 두 배!","넬슨의 일점사야! 전 함대, 한 척에 화력 집중! ATT 두 배!",baekgu_046.mp3
090,백구,baekgu,,신화 다섯 종 받았어. 정비소에서 장착해.,신화 다섯 종 받았어. 정비소에서 장착해.,baekgu_047.mp3
091,백구,baekgu,,추가 설계도 — 제작소 가능.,추가 설계도 — 제작소 가능.,baekgu_048.mp3
092,백구,baekgu,,먼저 이 전투부터 끝내야 합니다. 끝나기 전에 도망갈 수도 없어요.,먼저 이 전투부터 끝내야 합니다. 끝나기 전에 도망갈 수도 없어요.,baekgu_049.mp3
093,백구,baekgu,,"사령관, 은 이미 대를 보유 중입니다. 같은 함선을 더 늘려도 함대 다양성이 떨어져 전술적으로 손해예요. 다른 함선을 합류시켜 시너지를 노려야 합니다 — 호위 함선의 특성·무장이 다양해야 적의 약점을 모두 찌를 수 있어요. 다른 함선을 함대에 넣어보세요.","사령관, 은 이미 대를 보유 중입니다. 같은 함선을 더 늘려도 함대 다양성이 떨어져 전술적으로 손해예요. 다른 함선을 합류시켜 시너지를 노려야 합니다 — 호위 함선의 특성·무장이 다양해야 적의 약점을 모두 찌를 수 있어요. 다른 함선을 함대에 넣어보세요.",baekgu_050.mp3
094,백구,baekgu,,치크스 합병 완료. 이제 우리 땅이야.,치크스 합병 완료. 이제 우리 땅이야.,baekgu_051.mp3
095,백구,baekgu,,낙찰. 세금 ₡ 들어온다.,낙찰. 세금 ₡ 들어온다.,baekgu_052.mp3
096,백구,baekgu,,구매 완료.,구매 완료.,baekgu_053.mp3
097,백구,baekgu,,합류. 잘 써.,합류. 잘 써.,baekgu_054.mp3
098,백구,baekgu,,기함 승격. 전투 시 중앙에 배치돼.,기함 승격. 전투 시 중앙에 배치돼.,baekgu_055.mp3
099,백구,baekgu,,충성도 야. 곧 이탈할 수도 있어. 빨리 크루 태워.,충성도 야. 곧 이탈할 수도 있어. 빨리 크루 태워.,baekgu_056.mp3
100,백구,baekgu,,충성도 만렙이야. 이제 한층 더 강해졌어!,충성도 만렙이야. 이제 한층 더 강해졌어!,baekgu_057.mp3
101,백구,baekgu,,충성도가 너무 낮아서 적에게 넘어갔어. 크루를 신경 써야 해.,충성도가 너무 낮아서 적에게 넘어갔어. 크루를 신경 써야 해.,baekgu_058.mp3
102,백구,baekgu,,최고 레벨 보상! 들어왔어.,최고 레벨 보상! 들어왔어.,baekgu_059.mp3
103,백구,baekgu,,파츠 슬롯 추가 완료. 더 강력하게 무장할 수 있어.,파츠 슬롯 추가 완료. 더 강력하게 무장할 수 있어.,baekgu_060.mp3
104,백구,baekgu,,출격 준비 완료. 즉시 전열에 투입.,출격 준비 완료. 즉시 전열에 투입.,baekgu_061.mp3
105,백구,baekgu,,출격! 파츠/크루는 자동 회수했어. 새 함선에 다시 배치해줘.,출격! 파츠/크루는 자동 회수했어. 새 함선에 다시 배치해줘.,baekgu_062.mp3
106,백구,baekgu,,정비소에 ₡에 매각했어. 파츠랑 크루는 잘 챙겨놨고.,정비소에 ₡에 매각했어. 파츠랑 크루는 잘 챙겨놨고.,baekgu_063.mp3
107,백구,baekgu,,의 홀로그램 외피를 형태로 재구성했어. 능력치는 그대로니까 안심해.,의 홀로그램 외피를 형태로 재구성했어. 능력치는 그대로니까 안심해.,baekgu_064.mp3
108,백구,baekgu,,의 홀로그램 외피 해제. 원본 외관으로 돌아왔어.,의 홀로그램 외피 해제. 원본 외관으로 돌아왔어.,baekgu_065.mp3
109,백구,baekgu,,🎉 축하해! 이 + 강화에 성공했어. 능력치가 % 상승!,🎉 축하해! 이 + 강화에 성공했어. 능력치가 % 상승!,baekgu_066.mp3
110,백구,baekgu,,에 탑승. 함선 성능 올라갔어.,에 탑승. 함선 성능 올라갔어.,baekgu_067.mp3
111,백구,baekgu,,팔았어. ₡ 들어왔다. 잘 썼네.,팔았어. ₡ 들어왔다. 잘 썼네.,baekgu_068.mp3
112,백구,baekgu,,으로 이름 바꿨어. 새 출발이네.,으로 이름 바꿨어. 새 출발이네.,baekgu_069.mp3
113,백구,baekgu,,기함 변경. 주의해서 타.,기함 변경. 주의해서 타.,baekgu_070.mp3
114,백구,baekgu,,창고 칸으로 확장.,창고 칸으로 확장.,baekgu_071.mp3
115,백구,baekgu,,이제 최대야!,이제 최대야!,baekgu_072.mp3
116,백구,baekgu,,다음 확장은 더 비싸질 거야.,다음 확장은 더 비싸질 거야.,baekgu_073.mp3
117,백구,baekgu,,샀어. 정비소 → 파츠 → 오른쪽 창고 확장 슬롯에 장착하면 그 함선 화물칸이 + 늘어나.,샀어. 정비소 → 파츠 → 오른쪽 창고 확장 슬롯에 장착하면 그 함선 화물칸이 + 늘어나.,baekgu_074.mp3
118,백구,baekgu,,장착! /척 완료. 전 함선 장착하면 순간이동 가능해.,장착! /척 완료. 전 함선 장착하면 순간이동 가능해.,baekgu_075.mp3
119,백구,baekgu,,합류! 은 하선했어.,합류! 은 하선했어.,baekgu_076.mp3
120,백구,baekgu,,전설 영웅 등장! 대박이야!,전설 영웅 등장! 대박이야!,baekgu_077.mp3
121,백구,baekgu,,전설급이야! 대박!,전설급이야! 대박!,baekgu_078.mp3
122,백구,baekgu,,영웅급 크루 영입!,영웅급 크루 영입!,baekgu_079.mp3
123,백구,baekgu,,크루 영입 완료. 함선에 탑승시켜봐.,크루 영입 완료. 함선에 탑승시켜봐.,baekgu_080.mp3
124,백구,baekgu,,상업 레벨 . 세금 ₡ 들어온다.,상업 레벨 . 세금 ₡ 들어온다.,baekgu_081.mp3
125,백구,baekgu,,가 합류하려 해! 전설급이야. 교체할 크루를 골라봐.,가 합류하려 해! 전설급이야. 교체할 크루를 골라봐.,baekgu_082.mp3
126,백구,baekgu,,가 합류했어! 전설급이야. 함선에 태워봐.,가 합류했어! 전설급이야. 함선에 태워봐.,baekgu_083.mp3
127,백구,baekgu,,세트 아이템이야! . 세트 완성하면 추가 보너스가 붙어.,세트 아이템이야! . 세트 완성하면 추가 보너스가 붙어.,baekgu_084.mp3
128,백구,baekgu,,전설 파츠야! . 상점에서는 못 사는 거야.,전설 파츠야! . 상점에서는 못 사는 거야.,baekgu_085.mp3
129,백구,baekgu,,퀘스트 보상 지급. 크레딧.,퀘스트 보상 지급. 크레딧.,baekgu_086.mp3
130,백구,baekgu,,레벨 보너스 ×배!,레벨 보너스 ×배!,baekgu_087.mp3
131,백구,baekgu,,발견!,발견!,baekgu_088.mp3
132,백구,baekgu,,전설급이네. 대박이다.,전설급이네. 대박이다.,baekgu_089.mp3
133,백구,baekgu,,꽤 좋은 파츠야.,꽤 좋은 파츠야.,baekgu_090.mp3
134,백구,baekgu,,회수 완료. 함대에 추가됐어.,회수 완료. 함대에 추가됐어.,baekgu_091.mp3
135,백구,baekgu,,대박! 이야. 능력치 +% 상승!,대박! 이야. 능력치 +% 상승!,baekgu_092.mp3
136,백구,baekgu,,아쉽지만 이 나왔어. 다시 도전해봐.,아쉽지만 이 나왔어. 다시 도전해봐.,baekgu_093.mp3
137,백구,baekgu,,완성! .,완성! .,baekgu_094.mp3
138,백구,baekgu,,완성! 정비소 파츠창 오른쪽 창고 확장 슬롯에 장착하면 그 함선 화물칸이 + 늘어나.,완성! 정비소 파츠창 오른쪽 창고 확장 슬롯에 장착하면 그 함선 화물칸이 + 늘어나.,baekgu_095.mp3
139,백구,baekgu,,함선 완성! 이야. 편대 확인해봐!,함선 완성! 이야. 편대 확인해봐!,baekgu_096.mp3
140,백구,baekgu,,완성. .,완성. .,baekgu_097.mp3
141,백구,baekgu,,탑승. 이제 그 함선 일쩜이배 강해졌어.,탑승. 이제 그 함선 일쩜이배 강해졌어.,baekgu_098.mp3
142,백구,baekgu,,지구는 봉쇄됐어. ACT 삼에 도달해야 진입할 수 있어!,지구는 봉쇄됐어. ACT 삼에 도달해야 진입할 수 있어!,baekgu_099.mp3
143,백구,baekgu,,항로에서 뭔가 잡혔어. 조심해.,항로에서 뭔가 잡혔어. 조심해.,baekgu_100.mp3
144,백구,baekgu,,⚠️ 이 행성은 아직 해금되지 않았어. 해적을 퇴치해야 시설을 이용할 수 있어!,⚠️ 이 행성은 아직 해금되지 않았어. 해적을 퇴치해야 시설을 이용할 수 있어!,baekgu_101.mp3
145,백구,baekgu,,에서 퀘스트 클리어하면 설계도가 오 퍼센트 확률로 드랍돼. 도전해봐!,에서 퀘스트 클리어하면 설계도가 오 퍼센트 확률로 드랍돼. 도전해봐!,baekgu_102.mp3
146,백구,baekgu,,/개. 이 행성 상점에서 살 수 있어. 제작에 필요해.,/개. 이 행성 상점에서 살 수 있어. 제작에 필요해.,baekgu_103.mp3
147,백구,baekgu,,은 산지야. 상점에서 구할 수 있어. 제작소 재료로 쓰여.,은 산지야. 상점에서 구할 수 있어. 제작소 재료로 쓰여.,baekgu_104.mp3
148,백구,baekgu,,지구는 자유야. 이제부터는 새로운 시대 — 별들이 우리의 친구야. 자유롭게 항해해도 좋아.,지구는 자유야. 이제부터는 새로운 시대 — 별들이 우리의 친구야. 자유롭게 항해해도 좋아.,baekgu_105.mp3
149,백구,baekgu,,메가 충전 완료! 다시 빠르게 진행해 봐.,메가 충전 완료! 다시 빠르게 진행해 봐.,baekgu_106.mp3
150,백구,baekgu,,맥스 치트 적용! 모든 게 풀렸어 — 즐겁게 플레이해!,맥스 치트 적용! 모든 게 풀렸어 — 즐겁게 플레이해!,baekgu_107.mp3
151,백구,baekgu,,응? 뭔가 물어봐야 대답하지.,응? 뭔가 물어봐야 대답하지.,baekgu_108.mp3
152,백구,baekgu,,크레딧 거의 없어. 무역이나 퀘스트로 충전해.,크레딧 거의 없어. 무역이나 퀘스트로 충전해.,baekgu_109.mp3
153,백구,baekgu,,해적들이 강해졌어. 조심해.,해적들이 강해졌어. 조심해.,baekgu_110.mp3
154,백구,baekgu,,해적이 더 강해졌다. 파츠 업그레이드해.,해적이 더 강해졌다. 파츠 업그레이드해.,baekgu_111.mp3
155,백구,baekgu,,해적 전투력 최대치. 최고 장비 갖춰.,해적 전투력 최대치. 최고 장비 갖춰.,baekgu_112.mp3
156,백구,baekgu,,같은 자리에 너무 오래 있으면 해적들이 냄새 맡는다. 다음 턴엔 이동해.,같은 자리에 너무 오래 있으면 해적들이 냄새 맡는다. 다음 턴엔 이동해.,baekgu_113.mp3
157,백구,baekgu,,간신히 따돌렸어. 항로 주의해.,간신히 따돌렸어. 항로 주의해.,baekgu_114.mp3
158,백구,baekgu,,겨우 빠져나왔어. 빨리 이 구역 떠나자.,겨우 빠져나왔어. 빨리 이 구역 떠나자.,baekgu_115.mp3
159,백구,baekgu,,도망쳤어. 다음엔 일찍 움직여.,도망쳤어. 다음엔 일찍 움직여.,baekgu_116.mp3
160,백구,baekgu,,전 함대 워프 엔진 장착 완료! 이제 은하계 어디든 순간이동할 수 있어. 은하계 경로 열어봐!,전 함대 워프 엔진 장착 완료! 이제 은하계 어디든 순간이동할 수 있어. 은하계 경로 열어봐!,baekgu_117.mp3
161,백구,baekgu,,영입 거절. 현재 크루 유지.,영입 거절. 현재 크루 유지.,baekgu_118.mp3
162,백구,baekgu,,보이드 크리스탈이야! 우르사 메이저 보스전 진입 재료. 이걸로 한 번 더 도전 가능!,보이드 크리스탈이야! 우르사 메이저 보스전 진입 재료. 이걸로 한 번 더 도전 가능!,baekgu_119.mp3
163,백구,baekgu,,전설 동료 영입 거절. 현재 크루 유지.,전설 동료 영입 거절. 현재 크루 유지.,baekgu_120.mp3
164,백구,baekgu,,잔해 신호 듣고 해적들이 추가로 몰려왔다! 조심해.,잔해 신호 듣고 해적들이 추가로 몰려왔다! 조심해.,baekgu_121.mp3
165,백구,baekgu,,탐색 시작. 잔해 구역 접근 중.,탐색 시작. 잔해 구역 접근 중.,baekgu_122.mp3
166,백구,baekgu,,이번엔 없네. 다시 탐색해봐.,이번엔 없네. 다시 탐색해봐.,baekgu_123.mp3
167,백구,baekgu,,이번엔 별다른 게 없네. 다시 시도해봐.,이번엔 별다른 게 없네. 다시 시도해봐.,baekgu_124.mp3
168,백구,baekgu,,잔해 탐색 완료. 퀘스트 보상 받아.,잔해 탐색 완료. 퀘스트 보상 받아.,baekgu_125.mp3
169,백구,baekgu,,소문 하나 — 전설의 영웅 이 에서 목격됐대요. 그 행성 퀘스트를 진행하면 만날 수 있을 거예요!,소문 하나 — 전설의 영웅 이 에서 목격됐대요. 그 행성 퀘스트를 진행하면 만날 수 있을 거예요!,baekgu_126.mp3
170,백구,baekgu,,잔해 일부 발견. 계속 탐색해야 해.,잔해 일부 발견. 계속 탐색해야 해.,baekgu_127.mp3
171,백구,baekgu,,목적지 도착. 퀘스트 탭에서 보상 받아.,목적지 도착. 퀘스트 탭에서 보상 받아.,baekgu_128.mp3
172,백구,baekgu,,빌려줄게. 빨리 갚아.,빌려줄게. 빨리 갚아.,baekgu_129.mp3
173,백구,baekgu,,제작 중이야... 잠깐만 기다려.,제작 중이야... 잠깐만 기다려.,baekgu_130.mp3
174,백구,baekgu,,매수 의뢰 보고 완료. 보상 받으러 가자.,매수 의뢰 보고 완료. 보상 받으러 가자.,baekgu_131.mp3
175,백구,baekgu,,입찰 경쟁에서 졌어. 더 높게 써야 했는데.,입찰 경쟁에서 졌어. 더 높게 써야 했는데.,baekgu_132.mp3
176,백구,baekgu,,통행세 내고 무사 통과! 안전이 최우선이지~,통행세 내고 무사 통과! 안전이 최우선이지~,baekgu_133.mp3
177,백구,baekgu,,"소행성대 돌파야! 방향키나 마우스로 회피, Shift로 레이저, Ctrl로 미사일! 오십 초 버텨!","소행성대 돌파야! 방향키나 마우스로 회피, Shift로 레이저, Ctrl로 미사일! 오십 초 버텨!",baekgu_134.mp3
178,백구,baekgu,,블랙홀로 가는 진입로는 치크스 행성 근처에서만 열려. 치크스 행성이나 그 인접 행성으로 이동한 뒤 다시 시도해.,블랙홀로 가는 진입로는 치크스 행성 근처에서만 열려. 치크스 행성이나 그 인접 행성으로 이동한 뒤 다시 시도해.,baekgu_135.mp3
179,백구,baekgu,,저긴 은하 중심의 블랙홀... 먼저 지구를 해방해야 실마리가 잡힐 거야.,저긴 은하 중심의 블랙홀... 먼저 지구를 해방해야 실마리가 잡힐 거야.,baekgu_136.mp3
180,백구,baekgu,,지구다... 우르사 메이저가 우리를 기다리고 있어. 모든 화력 준비!,지구다... 우르사 메이저가 우리를 기다리고 있어. 모든 화력 준비!,baekgu_137.mp3
181,백구,baekgu,,지구다... 우르사 메이저가 기다린다. 모든 화력 준비!,지구다... 우르사 메이저가 기다린다. 모든 화력 준비!,baekgu_138.mp3
182,백구,baekgu,,이 구역은 지구 저항군 지역이야. 상점에서 난중일기 영인본 구입하면 이순신 영입 가능해.,이 구역은 지구 저항군 지역이야. 상점에서 난중일기 영인본 구입하면 이순신 영입 가능해.,baekgu_139.mp3
183,백구,baekgu,,난중일기 있어. 이 행성에 이순신이 있으면 영입 가능해.,난중일기 있어. 이 행성에 이순신이 있으면 영입 가능해.,baekgu_140.mp3
184,백구,baekgu,,한발 물러섰어. 충분히 강해진 후 다시 도전해도 돼.,한발 물러섰어. 충분히 강해진 후 다시 도전해도 돼.,baekgu_141.mp3
185,백구,baekgu,,통행료 냈어. 자존심은 상하지만 함선은 멀쩡하잖아. 다음엔 박살내자.,통행료 냈어. 자존심은 상하지만 함선은 멀쩡하잖아. 다음엔 박살내자.,baekgu_142.mp3
186,백구,baekgu,,도망쳤어. 다음엔 더 강해진 다음에 부딪치자.,도망쳤어. 다음엔 더 강해진 다음에 부딪치자.,baekgu_143.mp3
187,백구,baekgu,,학익진이다! 함대가 양 날개로 포위! 적을 가운데로 몰아넣어. 화력 세 배 폭격!,학익진이다! 함대가 양 날개로 포위! 적을 가운데로 몰아넣어. 화력 세 배 폭격!,baekgu_144.mp3
188,백구,baekgu,,아인슈타인의 상대성 이론! 시간축이 휘어진다! 적은 한 번 맞는데 우린 네 번 친다.,아인슈타인의 상대성 이론! 시간축이 휘어진다! 적은 한 번 맞는데 우린 네 번 친다.,baekgu_145.mp3
189,백구,baekgu,,테슬라의 전자기 초공간! 함선 무기가 번개로 변했어! 폭딜의 시작!,테슬라의 전자기 초공간! 함선 무기가 번개로 변했어! 폭딜의 시작!,baekgu_146.mp3
190,백구,baekgu,,제네시스 임펙트! 영웅들의 의지가 한 점에 모였어! 적은 시공간에서 사라진다.,제네시스 임펙트! 영웅들의 의지가 한 점에 모였어! 적은 시공간에서 사라진다.,baekgu_147.mp3
191,백구,baekgu,,데스티네이션 어스!! 여덟 명 영웅의 의지 + 백 년 봉쇄를 깬 인류의 분노! 화력 열 배! 적은 사라진다 — 우주의 정의를 보여줘!,데스티네이션 어스!! 여덟 명 영웅의 의지 + 백 년 봉쇄를 깬 인류의 분노! 화력 열 배! 적은 사라진다 — 우주의 정의를 보여줘!,baekgu_148.mp3
192,백구,baekgu,,보이드 페이즈 강제 해금됨. 제타 레티쿨리로 이동해서 광장 → 제독 의뢰 확인해봐!,보이드 페이즈 강제 해금됨. 제타 레티쿨리로 이동해서 광장 → 제독 의뢰 확인해봐!,baekgu_149.mp3
193,백구,baekgu,,보이드가 마지막 시험을 위해 ✦ 보이드의 창을 남겼어. 정비소에서 함선에 장착해 — 최종 결전에서 한 대씩 즉시 파괴 가능해.,보이드가 마지막 시험을 위해 ✦ 보이드의 창을 남겼어. 정비소에서 함선에 장착해 — 최종 결전에서 한 대씩 즉시 파괴 가능해.,baekgu_150.mp3
194,백구,baekgu,,"보이드가 인류 역사상 가장 위대한 다섯 척을 깨워냈어! 능력치는 동일, HP는 두 배. 우리 전술이 답이다 — 일점사부터!","보이드가 인류 역사상 가장 위대한 다섯 척을 깨워냈어! 능력치는 동일, HP는 두 배. 우리 전술이 답이다 — 일점사부터!",baekgu_151.mp3
195,백구,baekgu,,"팔 인의 전설이 모두 모였어요, 사령관! 이제 지구로 향할 준비가 됐습니다.","팔 인의 전설이 모두 모였어요, 사령관! 이제 지구로 향할 준비가 됐습니다.",baekgu_152.mp3
196,백구,baekgu,,백구의 일기,백구의 일기,baekgu_153.mp3
197,백구,baekgu,,백구,백구,baekgu_154.mp3
198,백구,baekgu,,거북선이다! 이순신의 그 함선! 지구 해방 보스전 입장 조건 충족이야!,거북선이다! 이순신의 그 함선! 지구 해방 보스전 입장 조건 충족이야!,baekgu_155.mp3
199,백구,baekgu,,세 단편이 하나로! 이건 그냥 거북선이 아니야 — 불멸의 거북선이라고! 우르사 메이저도 이걸 보면 떨걸.,세 단편이 하나로! 이건 그냥 거북선이 아니야 — 불멸의 거북선이라고! 우르사 메이저도 이걸 보면 떨걸.,baekgu_156.mp3
200,백구,baekgu,,이동 완료. 다음 목표 정해.,이동 완료. 다음 목표 정해.,baekgu_157.mp3
201,백구,baekgu,,워프 성공.,워프 성공.,baekgu_158.mp3
202,백구,baekgu,,이겼어. 당연한 거 아닌가.,이겼어. 당연한 거 아닌가.,baekgu_159.mp3
203,백구,baekgu,,크레딧 벌었다.,크레딧 벌었다.,baekgu_160.mp3
204,백구,baekgu,,졌어. 다시 해.,졌어. 다시 해.,baekgu_161.mp3
205,백구,baekgu,,포기하면 안 돼.,포기하면 안 돼.,baekgu_162.mp3
206,백구,baekgu,,영웅 등급! 쓸만하겠는데.,영웅 등급! 쓸만하겠는데.,baekgu_163.mp3
207,백구,baekgu,,전설 등급이다!,전설 등급이다!,baekgu_164.mp3
208,백구,baekgu,,크레딧 부족해. 무역해.,크레딧 부족해. 무역해.,baekgu_165.mp3
209,백구,baekgu,,내가 경고했잖아. 싸워!,내가 경고했잖아. 싸워!,baekgu_166.mp3
210,이순신,yisunsin,,"…이곳이. 얼마나, 흘렀느냐.","…이곳이. 얼마나, 흘렀느냐.",yisunsin_001.mp3
211,이순신,yisunsin,,"백 년이라. 내 전술이 적의 방패가 되어, 그 긴 세월 동료들을 막았다는 것이냐. …나를 깨운 자가 사령관인가. 빚을 졌다.","백 년이라. 내 전술이 적의 방패가 되어, 그 긴 세월 동료들을 막았다는 것이냐. …나를 깨운 자가 사령관인가. 빚을 졌다.",yisunsin_002.mp3
212,이순신,yisunsin,,무기와 장갑이 함께 봉인돼 있었다. 가져가시오 — 내 손은 이미 그대의 손이 되었으니.,무기와 장갑이 함께 봉인돼 있었다. 가져가시오 — 내 손은 이미 그대의 손이 되었으니.,yisunsin_003.mp3
213,이순신,yisunsin,,"패배는 한 번으로 족하다. 두 번은, 내가 허락하지 않는다.","패배는 한 번으로 족하다. 두 번은, 내가 허락하지 않는다.",yisunsin_004.mp3
214,이순신,yisunsin,,"아이젠클로… 나를 봉인한 손이 저자였군. 내 검을 적의 방패로 삼다니. 다음 단계에서, 반드시 거둘 빚이다.","아이젠클로… 나를 봉인한 손이 저자였군. 내 검을 적의 방패로 삼다니. 다음 단계에서, 반드시 거둘 빚이다.",yisunsin_005.mp3
215,이순신,yisunsin,,"흩어진 칼이 모이면 진형이 된다. 다음 계획을 세우자, 사령관.","흩어진 칼이 모이면 진형이 된다. 다음 계획을 세우자, 사령관.",yisunsin_006.mp3
216,이순신,yisunsin,,"동쪽 항로 주파수… 벙커존 지하. 저항군 암호 채널이다. 내가 봉인되기 전, 함께 싸운 전우들의 후예가 그 기지를 지키고 있어.","동쪽 항로 주파수… 벙커존 지하. 저항군 암호 채널이다. 내가 봉인되기 전, 함께 싸운 전우들의 후예가 그 기지를 지키고 있어.",yisunsin_007.mp3
217,이순신,yisunsin,,외톨이로 백 년을 버텼다면 — 그래서 더 강한 거다.,외톨이로 백 년을 버텼다면 — 그래서 더 강한 거다.,yisunsin_008.mp3
218,이순신,yisunsin,,"크리그에서 빼낸 물자를 들고 가면, 우리를 믿어줄 거다.","크리그에서 빼낸 물자를 들고 가면, 우리를 믿어줄 거다.",yisunsin_009.mp3
219,이순신,yisunsin,,"당신들이 살아있었군. 오래, 기다렸겠소.","당신들이 살아있었군. 오래, 기다렸겠소.",yisunsin_010.mp3
220,이순신,yisunsin,,내부에 침투했군. 보급망을 손에 쥐고 물자를 빼돌리고 있어.,내부에 침투했군. 보급망을 손에 쥐고 물자를 빼돌리고 있어.,yisunsin_011.mp3
221,이순신,yisunsin,,코르넬리우스. 아우레우스 기업이 크리그에 기술 설계도를 팔고 있다면… 단순한 이윤이 아니다. 생체 병기 설계도가 그 손을 거쳐 넘어간 거야.,코르넬리우스. 아우레우스 기업이 크리그에 기술 설계도를 팔고 있다면… 단순한 이윤이 아니다. 생체 병기 설계도가 그 손을 거쳐 넘어간 거야.,yisunsin_012.mp3
222,이순신,yisunsin,,"증거 없이 아우레우스를 적으로 돌려선 안 된다. 먼저, 확인한다.","증거 없이 아우레우스를 적으로 돌려선 안 된다. 먼저, 확인한다.",yisunsin_013.mp3
223,이순신,yisunsin,,광개토. 그 이름이 낯설지 않군. 당신 상선이 경매 시장의 모든 기록을 쥐고 있다는 것도.,광개토. 그 이름이 낯설지 않군. 당신 상선이 경매 시장의 모든 기록을 쥐고 있다는 것도.,yisunsin_014.mp3
224,이순신,yisunsin,,"거북선 — 내가 옛 지구에서, 가장 절박했던 전쟁에서 만든 함선이야. 현대 재료로 재현하면 크리그 요새를 정면 돌파할 수 있어.","거북선 — 내가 옛 지구에서, 가장 절박했던 전쟁에서 만든 함선이야. 현대 재료로 재현하면 크리그 요새를 정면 돌파할 수 있어.",yisunsin_015.mp3
225,이순신,yisunsin,,메카니카 기어월드. 그곳에 장영실이라는 기술자가 있어. 옛 지구의 명장 장영실의 기술 DNA를 이어받은 복제 기술자야.,메카니카 기어월드. 그곳에 장영실이라는 기술자가 있어. 옛 지구의 명장 장영실의 기술 DNA를 이어받은 복제 기술자야.,yisunsin_016.mp3
226,이순신,yisunsin,,그를 데려와야 해. 거북선은 그 없이는 완성할 수 없어.,그를 데려와야 해. 거북선은 그 없이는 완성할 수 없어.,yisunsin_017.mp3
227,이순신,yisunsin,,그분의 설계도를 갖고 왔소.,그분의 설계도를 갖고 왔소.,yisunsin_018.mp3
228,이순신,yisunsin,,필요한 건 뭐든 구해 오겠소.,필요한 건 뭐든 구해 오겠소.,yisunsin_019.mp3
229,이순신,yisunsin,,타이탄H… 그리고 그 너머에 — 지구.,타이탄H… 그리고 그 너머에 — 지구.,yisunsin_020.mp3
230,이순신,yisunsin,,"사령관. 다음 방향은 타이탄H다. 연대를 공식화하고, 저항군 반물질을 확보한다.","사령관. 다음 방향은 타이탄H다. 연대를 공식화하고, 저항군 반물질을 확보한다.",yisunsin_021.mp3
231,이순신,yisunsin,,"저항군 반물질 ×이십오, 은하 혼돈 결정 ×십오, 수퍼비아 중력자 ×십, 크리그 마그마 코어 ×팔. 모두 모으면 — 거북선이 깨어난다.","저항군 반물질 ×이십오, 은하 혼돈 결정 ×십오, 수퍼비아 중력자 ×십, 크리그 마그마 코어 ×팔. 모두 모으면 — 거북선이 깨어난다.",yisunsin_022.mp3
232,이순신,yisunsin,,"아이젠클로… 내 전술로 우리를 막겠지. 허나 제 검의 약점은, 그 검을 벼린 자가 가장 잘 아는 법이다.","아이젠클로… 내 전술로 우리를 막겠지. 허나 제 검의 약점은, 그 검을 벼린 자가 가장 잘 아는 법이다.",yisunsin_023.mp3
233,이순신,yisunsin,,"사령관, 다음 항로로. 아이젠클로를 쫓아 — 마침내, 거북선을 완성한다.","사령관, 다음 항로로. 아이젠클로를 쫓아 — 마침내, 거북선을 완성한다.",yisunsin_024.mp3
234,이순신,yisunsin,,"아이젠콕에서 달아났던 그 자가, 여기 숨어 있었군.","아이젠콕에서 달아났던 그 자가, 여기 숨어 있었군.",yisunsin_025.mp3
235,이순신,yisunsin,,"둘 다 잡는다. 아이젠클로 추격, 그리고 마그마 코어.","둘 다 잡는다. 아이젠클로 추격, 그리고 마그마 코어.",yisunsin_026.mp3
236,이순신,yisunsin,,"정면 공격은 안 된다. 반란군 채널로, 내부에 스며든다.","정면 공격은 안 된다. 반란군 채널로, 내부에 스며든다.",yisunsin_027.mp3
237,이순신,yisunsin,,우리가 원하는 건 수퍼비아 중력자. 채굴 독점 허가가 필요하다.,우리가 원하는 건 수퍼비아 중력자. 채굴 독점 허가가 필요하다.,yisunsin_028.mp3
238,이순신,yisunsin,,은하 혼돈 결정. 보이드 균열에서만 나오는 자원이다.,은하 혼돈 결정. 보이드 균열에서만 나오는 자원이다.,yisunsin_029.mp3
239,이순신,yisunsin,,두 마리 토끼다. 간다.,두 마리 토끼다. 간다.,yisunsin_030.mp3
240,이순신,yisunsin,,들어간다.,들어간다.,yisunsin_031.mp3
241,이순신,yisunsin,,우리는 저항군과 함께 아이젠클로와 싸우고 있어요. 당신이 이휘소 박사인가요?,우리는 저항군과 함께 아이젠클로와 싸우고 있어요. 당신이 이휘소 박사인가요?,yisunsin_032.mp3
242,이순신,yisunsin,,"드디어. 사백 년을 기다린 배가, 오늘 깨어난다.","드디어. 사백 년을 기다린 배가, 오늘 깨어난다.",yisunsin_033.mp3
243,이순신,yisunsin,,"빅토리… 옛 지구 최후의 대해전, 그 기함이군.","빅토리… 옛 지구 최후의 대해전, 그 기함이군.",yisunsin_034.mp3
244,이순신,yisunsin,,넬슨 제독. 나는 이순신이오.,넬슨 제독. 나는 이순신이오.,yisunsin_035.mp3
245,이순신,yisunsin,,"학익진과 그대의 대해전 진형 — 두 바다의 전술을 하나로 묶으면, 우르사도 막을 수 없을 거요.","학익진과 그대의 대해전 진형 — 두 바다의 전술을 하나로 묶으면, 우르사도 막을 수 없을 거요.",yisunsin_036.mp3
246,이순신,yisunsin,,"사령관. 이제 우리에겐 거북선이 있다. 슈멜츠를 점령해 사령실 데이터를 연다 — 그 안에, 우르사로 가는 길이 있을 것이다.","사령관. 이제 우리에겐 거북선이 있다. 슈멜츠를 점령해 사령실 데이터를 연다 — 그 안에, 우르사로 가는 길이 있을 것이다.",yisunsin_037.mp3
247,이순신,yisunsin,,백 년 봉쇄의 손발 하나를 잘랐다. 하지만 머리는 아직 남아 있다.,백 년 봉쇄의 손발 하나를 잘랐다. 하지만 머리는 아직 남아 있다.,yisunsin_038.mp3
248,이순신,yisunsin,,박사님의 방정식이 백 년 뒤 우리를 여기로 이끌었습니다. 함께 가시죠.,박사님의 방정식이 백 년 뒤 우리를 여기로 이끌었습니다. 함께 가시죠.,yisunsin_039.mp3
249,이순신,yisunsin,,"저 기함, 움직임이 익숙하다. 내 전술을 방패 삼았구나. 허나 — 그 검을 벼린 건 나다. 정면은 피해라. 호위를 걷어내고, 본함의 옆구리를 친다.","저 기함, 움직임이 익숙하다. 내 전술을 방패 삼았구나. 허나 — 그 검을 벼린 건 나다. 정면은 피해라. 호위를 걷어내고, 본함의 옆구리를 친다.",yisunsin_040.mp3
250,이순신,yisunsin,,이건 — 바다의 폭풍과 같다. 흐름을 읽으면 통과할 수 있어.,이건 — 바다의 폭풍과 같다. 흐름을 읽으면 통과할 수 있어.,yisunsin_041.mp3
251,이순신,yisunsin,,박사. 우리는 우르사 메이저를 잡으러 갑니다. 박사의 이론이 필요하오.,박사. 우리는 우르사 메이저를 잡으러 갑니다. 박사의 이론이 필요하오.,yisunsin_042.mp3
252,이순신,yisunsin,,전 함대 — 거북선을 따른다.,전 함대 — 거북선을 따른다.,yisunsin_043.mp3
253,이순신,yisunsin,,사령관. 아이젠클로에게 전달해. — 이번엔 끝이라고.,사령관. 아이젠클로에게 전달해. — 이번엔 끝이라고.,yisunsin_044.mp3
254,이순신,yisunsin,,"끝났어, 아이젠클로.","끝났어, 아이젠클로.",yisunsin_045.mp3
255,이순신,yisunsin,,보이드 군주. 크리그 뒤에 그 존재가 있었던 거군.,보이드 군주. 크리그 뒤에 그 존재가 있었던 거군.,yisunsin_046.mp3
256,이순신,yisunsin,,사백 년 전 거북선 — 열두 척으로 백삼십삼 척을 깼다. 오늘의 거북선 — 팔영웅과 함께라면 더 큰 일도 한다.,사백 년 전 거북선 — 열두 척으로 백삼십삼 척을 깼다. 오늘의 거북선 — 팔영웅과 함께라면 더 큰 일도 한다.,yisunsin_047.mp3
257,이순신,yisunsin,,좌표 — 제타 레티쿨리. 우르사 메이저 본거지.,좌표 — 제타 레티쿨리. 우르사 메이저 본거지.,yisunsin_048.mp3
258,이순신,yisunsin,,"사백 년 전, 옛 지구의 마지막 전쟁. 백 년 전, 봉인. 그리고 오늘 — 마지막 일전이다.","사백 년 전, 옛 지구의 마지막 전쟁. 백 년 전, 봉인. 그리고 오늘 — 마지막 일전이다.",yisunsin_049.mp3
259,이순신,yisunsin,,그 캡슐 — 나였다. 네가 봉인한 자가 오늘 너의 끝을 가져왔다.,그 캡슐 — 나였다. 네가 봉인한 자가 오늘 너의 끝을 가져왔다.,yisunsin_050.mp3
260,이순신,yisunsin,,학익진. 펼친다.,학익진. 펼친다.,yisunsin_051.mp3
261,이순신,yisunsin,,우르사 메이저 본체 — 노출. 보이드 방어막은 아직 활성.,우르사 메이저 본체 — 노출. 보이드 방어막은 아직 활성.,yisunsin_052.mp3
262,이순신,yisunsin,,사백 년 전 — 나는 열두 척으로 백삼십삼 척을 막았다. 오늘은 아홉 척이면 충분하다.,사백 년 전 — 나는 열두 척으로 백삼십삼 척을 막았다. 오늘은 아홉 척이면 충분하다.,yisunsin_053.mp3
263,이순신,yisunsin,,거북선 노포 전탄 — 일점사!,거북선 노포 전탄 — 일점사!,yisunsin_054.mp3
264,이순신,yisunsin,,끝났다. 백 년 봉인의 종결이다.,끝났다. 백 년 봉인의 종결이다.,yisunsin_055.mp3
265,이순신,yisunsin,,"내가 살아 싸우던 그 시절, 올려다보던 바로 그 하늘이다. 변하지 않았어.","내가 살아 싸우던 그 시절, 올려다보던 바로 그 하늘이다. 변하지 않았어.",yisunsin_056.mp3
266,이순신,yisunsin,,"보이드 구역 삼행성 — 캅테인 균열, WASP-십이 b, 제타 레티쿨리. 우르사 메이저 잔존 세력이 아직 불안정해. 서둘러야 해.","보이드 구역 삼행성 — 캅테인 균열, WASP-십이 b, 제타 레티쿨리. 우르사 메이저 잔존 세력이 아직 불안정해. 서둘러야 해.",yisunsin_057.mp3
267,이순신,yisunsin,,백 년. 내가 백 년을 잠들었군.,백 년. 내가 백 년을 잠들었군.,yisunsin_058.mp3
268,이순신,yisunsin,,그대가 나를 깨웠소? …지구는.,그대가 나를 깨웠소? …지구는.,yisunsin_059.mp3
269,이순신,yisunsin,,치크스는 아직 있소. 그렇다면 아직 싸워야 할 이유가 있군.,치크스는 아직 있소. 그렇다면 아직 싸워야 할 이유가 있군.,yisunsin_060.mp3
270,이순신,yisunsin,,이길 수 있는 싸움이오?,이길 수 있는 싸움이오?,yisunsin_061.mp3
271,이순신,yisunsin,,말이 다르군. 이기겠다고 하지 않고 이겨야 한다고 했소. 그것이 더 정직한 대답이오. 합류하겠소.,말이 다르군. 이기겠다고 하지 않고 이겨야 한다고 했소. 그것이 더 정직한 대답이오. 합류하겠소.,yisunsin_062.mp3
272,이순신,yisunsin,,사령관. 나는 불필요한 전투는 하지 않소. 이기는 전쟁만 합니다.,사령관. 나는 불필요한 전투는 하지 않소. 이기는 전쟁만 합니다.,yisunsin_063.mp3
273,이순신,yisunsin,,나요. 넬슨. 오래됐소.,나요. 넬슨. 오래됐소.,yisunsin_064.mp3
274,마르코 폴로,marcopolo,,"이순신? …그 이름, 오랜만이군. 남들은 잡음으로 흘리지만 — 난 그 신호를 '봤어'. 에리다니 노인들이 잡았다는 그거.","이순신? …그 이름, 오랜만이군. 남들은 잡음으로 흘리지만 — 난 그 신호를 '봤어'. 에리다니 노인들이 잡았다는 그거.",marcopolo_001.mp3
275,마르코 폴로,marcopolo,,"한 팀 하자. 길 찾고 정보 캐는 건, 이 은하에 나만 한 사람이 없거든.","한 팀 하자. 길 찾고 정보 캐는 건, 이 은하에 나만 한 사람이 없거든.",marcopolo_002.mp3
276,마르코 폴로,marcopolo,,"잠깐 — 다들 못 봤지? 저 잔해 너머, 탐사선 하나가 해적한테 뜯기고 있어.","잠깐 — 다들 못 봤지? 저 잔해 너머, 탐사선 하나가 해적한테 뜯기고 있어.",marcopolo_003.mp3
277,마르코 폴로,marcopolo,,크리그가 '광산 세금'을 빌미로 삼주째 점거 중이야. 광부들은 착취당하고.,크리그가 '광산 세금'을 빌미로 삼주째 점거 중이야. 광부들은 착취당하고.,marcopolo_004.mp3
278,마르코 폴로,marcopolo,,봉쇄만 하는 놈들이 아니야. 변방까지 손을 뻗고 있어.,봉쇄만 하는 놈들이 아니야. 변방까지 손을 뻗고 있어.,marcopolo_005.mp3
279,마르코 폴로,marcopolo,,"근데 무법자들이 기지를 끼고 앉았어. 안테나에 닿으려면, 먼저 치워야 해.","근데 무법자들이 기지를 끼고 앉았어. 안테나에 닿으려면, 먼저 치워야 해.",marcopolo_006.mp3
280,마르코 폴로,marcopolo,,우르사이 마요리스 외곽… 발 들이는 순간 바로 적대야. 각오해.,우르사이 마요리스 외곽… 발 들이는 순간 바로 적대야. 각오해.,marcopolo_007.mp3
281,마르코 폴로,marcopolo,,"사령관, 됐어. 카스텔룸 수퍼비아 집하장 — 삼십이구역. 크리그 스파이가 고철 프레임 속에 정보를 숨겨 운반했어. 수퍼비아 놈들은 그냥 고철로 처리했겠지. 허나 내 눈은 못 속여.","사령관, 됐어. 카스텔룸 수퍼비아 집하장 — 삼십이구역. 크리그 스파이가 고철 프레임 속에 정보를 숨겨 운반했어. 수퍼비아 놈들은 그냥 고철로 처리했겠지. 허나 내 눈은 못 속여.",marcopolo_008.mp3
282,마르코 폴로,marcopolo,,"그리고… 이상한 게 하나 더. 그 구역 폐기 목록에 없는 구형 캡슐 하나. 수백 년 전 설계야. 이런 건, 그냥 지나치는 법이 없지.","그리고… 이상한 게 하나 더. 그 구역 폐기 목록에 없는 구형 캡슐 하나. 수백 년 전 설계야. 이런 건, 그냥 지나치는 법이 없지.",marcopolo_009.mp3
283,마르코 폴로,marcopolo,,"저기 폐기 구역 끝… 목록에 없는 구형 물체야. 설계가 지금과 전혀 달라. 생명 반응이 — 미약하지만, 분명히 잡혀.","저기 폐기 구역 끝… 목록에 없는 구형 물체야. 설계가 지금과 전혀 달라. 생명 반응이 — 미약하지만, 분명히 잡혀.",marcopolo_010.mp3
284,마르코 폴로,marcopolo,,오르크... 접경지 밀수꾼들 사이에서 이름이 나왔어. 치크스-메카니카 접경이라 단속이 애매한 구역이야.,오르크... 접경지 밀수꾼들 사이에서 이름이 나왔어. 치크스-메카니카 접경이라 단속이 애매한 구역이야.,marcopolo_011.mp3
285,마르코 폴로,marcopolo,,"치크스 감시선이 순찰 중이야. 정면은 자살이고 — 잠입은 거래자 위장이 최선이지. 뭐, 이런 건 내 전문이고.","치크스 감시선이 순찰 중이야. 정면은 자살이고 — 잠입은 거래자 위장이 최선이지. 뭐, 이런 건 내 전문이고.",marcopolo_012.mp3
286,마르코 폴로,marcopolo,,LHS천백사십-b 표면은 LHS 크리스탈 광산이야. 지하 십칠층까지 굴착했다는 소문이 있어. 사람을 가두기엔 딱이지.,LHS천백사십-b 표면은 LHS 크리스탈 광산이야. 지하 십칠층까지 굴착했다는 소문이 있어. 사람을 가두기엔 딱이지.,marcopolo_013.mp3
287,마르코 폴로,marcopolo,,"노동자들 표정 봐. 겁에 질려 있어 — 크리그한테 협박당하는 거야. …이런 건, 너무 많이 봤어.","노동자들 표정 봐. 겁에 질려 있어 — 크리그한테 협박당하는 거야. …이런 건, 너무 많이 봤어.",marcopolo_014.mp3
288,마르코 폴로,marcopolo,,내가 누군지 잊었어? 당연하지.,내가 누군지 잊었어? 당연하지.,marcopolo_015.mp3
289,마르코 폴로,marcopolo,,전면전은 무리야. 외곽 포대만 해도 우리 세 배라고.,전면전은 무리야. 외곽 포대만 해도 우리 세 배라고.,marcopolo_016.mp3
290,마르코 폴로,marcopolo,,"다음 길은 내가 연다. 크리그 보급 거점 — 위치, 경비, 교대 시간까지 전부 머릿속에 있거든.","다음 길은 내가 연다. 크리그 보급 거점 — 위치, 경비, 교대 시간까지 전부 머릿속에 있거든.",marcopolo_017.mp3
291,마르코 폴로,marcopolo,,저항군? 거기가 얼마나 위험한지 알아? 치크스 한복판의 외톨이 거점이라고.,저항군? 거기가 얼마나 위험한지 알아? 치크스 한복판의 외톨이 거점이라고.,marcopolo_018.mp3
292,마르코 폴로,marcopolo,,뉴 마스... 오딧세이 기지. 나도 그쪽 루트 알아. 화물 운반하다 두어 번 거쳤어.,뉴 마스... 오딧세이 기지. 나도 그쪽 루트 알아. 화물 운반하다 두어 번 거쳤어.,marcopolo_019.mp3
293,마르코 폴로,marcopolo,,"저 화물 분류 코드… 저항군 화물이 맞는데, 운항 패턴이 크리그 배급 루틴이야. 안 맞아.","저 화물 분류 코드… 저항군 화물이 맞는데, 운항 패턴이 크리그 배급 루틴이야. 안 맞아.",marcopolo_020.mp3
294,마르코 폴로,marcopolo,,조용히 스며드는 거? …그건 내 전공이지.,조용히 스며드는 거? …그건 내 전공이지.,marcopolo_021.mp3
295,마르코 폴로,marcopolo,,오그렌이 말한 내부 고발자 — '닥터 에바'. 글리제에 있어. 접촉하면 물증을 넘겨준다고 했어.,오그렌이 말한 내부 고발자 — '닥터 에바'. 글리제에 있어. 접촉하면 물증을 넘겨준다고 했어.,marcopolo_022.mp3
296,마르코 폴로,marcopolo,,저 배… 본 적 있어. 은하 경매 시장에서 늘 최고가를 부르는 자유 상인이야. 한 번도 진 적이 없다더군.,저 배… 본 적 있어. 은하 경매 시장에서 늘 최고가를 부르는 자유 상인이야. 한 번도 진 적이 없다더군.,marcopolo_023.mp3
297,마르코 폴로,marcopolo,,'장영실 이쩜영'이라고 불려. 기어월드에서 전설이지.,'장영실 이쩜영'이라고 불려. 기어월드에서 전설이지.,marcopolo_024.mp3
298,마르코 폴로,marcopolo,,최대해봐야 팔~열 개.,최대해봐야 팔~열 개.,marcopolo_025.mp3
299,마르코 폴로,marcopolo,,잠깐. 크리그 내부 정보망이 잡혔어 — 공장 노동자들 사이에 반란 기미가 있대.,잠깐. 크리그 내부 정보망이 잡혔어 — 공장 노동자들 사이에 반란 기미가 있대.,marcopolo_026.mp3
300,마르코 폴로,marcopolo,,"거래가 되겠군. 우리가 카토닉에서 당신 동료를 빼내고, 당신들은 크리그 내부 항로 정보를 준다.","거래가 되겠군. 우리가 카토닉에서 당신 동료를 빼내고, 당신들은 크리그 내부 항로 정보를 준다.",marcopolo_027.mp3
301,마르코 폴로,marcopolo,,볼칸이 내부 노선을 줬어. 비축고는 삼층 심층부야.,볼칸이 내부 노선을 줬어. 비축고는 삼층 심층부야.,marcopolo_028.mp3
302,마르코 폴로,marcopolo,,수퍼비아는 외교가 전부야. 상인 의회가 이 행성을 쥐고 있지. 들어가려면 격식부터 갖춰야 해.,수퍼비아는 외교가 전부야. 상인 의회가 이 행성을 쥐고 있지. 들어가려면 격식부터 갖춰야 해.,marcopolo_029.mp3
303,마르코 폴로,marcopolo,,그건 내 무대지. 수퍼비아 상인 의회랑은 전에도 거래해봤거든 — 귀족 향수 한 병이면 회의실 문은 열려. 맡겨둬.,그건 내 무대지. 수퍼비아 상인 의회랑은 전에도 거래해봤거든 — 귀족 향수 한 병이면 회의실 문은 열려. 맡겨둬.,marcopolo_030.mp3
304,마르코 폴로,marcopolo,,"보이드 공간은 물리 법칙부터 달라. 시간이 늘어지고, 공간이 접혀. 함선 항법이 통째로 먹통이 될 수도 있어.","보이드 공간은 물리 법칙부터 달라. 시간이 늘어지고, 공간이 접혀. 함선 항법이 통째로 먹통이 될 수도 있어.",marcopolo_031.mp3
305,마르코 폴로,marcopolo,,균열 지도 원석이라… 보이드 행성에서만 나오는 건데. 운 좋게 외곽에서 몇 개 챙겨놨지.,균열 지도 원석이라… 보이드 행성에서만 나오는 건데. 운 좋게 외곽에서 몇 개 챙겨놨지.,marcopolo_032.mp3
306,마르코 폴로,marcopolo,,저 배... 수퍼비아 주점에서 들은 그 연구선이야.,저 배... 수퍼비아 주점에서 들은 그 연구선이야.,marcopolo_033.mp3
307,마르코 폴로,marcopolo,,"백구 녀석 꼬리 봐 — 저렇게 흔드는 건, 좋은 징조라는 뜻이지.","백구 녀석 꼬리 봐 — 저렇게 흔드는 건, 좋은 징조라는 뜻이지.",marcopolo_034.mp3
308,마르코 폴로,marcopolo,,전설의 제독 넬슨 — 옛 지구 최후의 대해전에서 스러진 자야. 그런데 우주에 빅토리가? 이건 — 우주 보존 캡슐이군.,전설의 제독 넬슨 — 옛 지구 최후의 대해전에서 스러진 자야. 그런데 우주에 빅토리가? 이건 — 우주 보존 캡슐이군.,marcopolo_035.mp3
309,마르코 폴로,marcopolo,,아이젠클로 데이터에 좌표 하나 — 제타 레티쿨리. 우르사 메이저 본거지야.,아이젠클로 데이터에 좌표 하나 — 제타 레티쿨리. 우르사 메이저 본거지야.,marcopolo_036.mp3
310,마르코 폴로,marcopolo,,레인저의 신호가 왔어. 저항군 전 함대 — 전투 준비 완료.,레인저의 신호가 왔어. 저항군 전 함대 — 전투 준비 완료.,marcopolo_037.mp3
311,마르코 폴로,marcopolo,,정보는 다 모았어. 더 살펴볼 게 없어. 이제 — 싸움이야.,정보는 다 모았어. 더 살펴볼 게 없어. 이제 — 싸움이야.,marcopolo_038.mp3
312,마르코 폴로,marcopolo,,적 후위 통신 — 차단 완료. 지원 워프 차단했어.,적 후위 통신 — 차단 완료. 지원 워프 차단했어.,marcopolo_039.mp3
313,마르코 폴로,marcopolo,,우리가 진짜 해냈어.,우리가 진짜 해냈어.,marcopolo_040.mp3
314,마르코 폴로,marcopolo,,다음 모험은 — 어디로?,다음 모험은 — 어디로?,marcopolo_041.mp3
315,마르코 폴로,marcopolo,,허허. 백 년을 기다렸소. 이런 통쾌한 광경을.,허허. 백 년을 기다렸소. 이런 통쾌한 광경을.,marcopolo_042.mp3
316,마르코 폴로,marcopolo,,마르코 폴로요. 제네시스 프로토콜의 마르코 폴로.,마르코 폴로요. 제네시스 프로토콜의 마르코 폴로.,marcopolo_043.mp3
317,마르코 폴로,marcopolo,,"치크스가 날 붙잡아 놓더니만, 이 함선의 무역 경로 데이터를 빼내려고 했소. 물론 안 줬지요. 나는 거래를 강요당한 적이 없소.","치크스가 날 붙잡아 놓더니만, 이 함선의 무역 경로 데이터를 빼내려고 했소. 물론 안 줬지요. 나는 거래를 강요당한 적이 없소.",marcopolo_044.mp3
318,마르코 폴로,marcopolo,,"제독께서 알아봐주시는구먼. 자, 이제 거래합시다. 내가 가진 모든 항로 정보와 무역 네트워크를 드리겠소.","제독께서 알아봐주시는구먼. 자, 이제 거래합시다. 내가 가진 모든 항로 정보와 무역 네트워크를 드리겠소.",marcopolo_045.mp3
319,마르코 폴로,marcopolo,,"사령관 양반, 이 함선의 주인이오? 마음에 드는 눈을 가졌소. 자, 이제 거래합시다. 내가 가진 모든 항로 정보와 무역 네트워크를 드리겠소.","사령관 양반, 이 함선의 주인이오? 마음에 드는 눈을 가졌소. 자, 이제 거래합시다. 내가 가진 모든 항로 정보와 무역 네트워크를 드리겠소.",marcopolo_046.mp3
320,마르코 폴로,marcopolo,,대신 지구까지 데려다 주시오.,대신 지구까지 데려다 주시오.,marcopolo_047.mp3
321,유리 가가린,gagarin,,칩 돌려줘서 고맙다. 보답으로 같이 가주지 — 어차피 이 근방에 나보다 잘 나는 녀석도 없으니까.,칩 돌려줘서 고맙다. 보답으로 같이 가주지 — 어차피 이 근방에 나보다 잘 나는 녀석도 없으니까.,gagarin_001.mp3
322,유리 가가린,gagarin,,"넥서스 프라임 LHS 광산 쪽, 아주 오래된 통신 패턴이 잡혀. 백 년은 묵었고 — 이순신, 그 이름과 엮여 있어.","넥서스 프라임 LHS 광산 쪽, 아주 오래된 통신 패턴이 잡혀. 백 년은 묵었고 — 이순신, 그 이름과 엮여 있어.",gagarin_002.mp3
323,유리 가가린,gagarin,,"덤으로, 데이터 안에 외피 도면도 있더군. 가시 돌기 구조 — 너희 골격 단편이랑 딱 맞아.","덤으로, 데이터 안에 외피 도면도 있더군. 가시 돌기 구조 — 너희 골격 단편이랑 딱 맞아.",gagarin_003.mp3
324,유리 가가린,gagarin,,신호는 더 깊은 곳이야. 근데… 크리그 해적단 표식이 보여.,신호는 더 깊은 곳이야. 근데… 크리그 해적단 표식이 보여.,gagarin_004.mp3
325,유리 가가린,gagarin,,여기야. 이 안테나가 백 년간 이순신 신호를 중계해온 거지.,여기야. 이 안테나가 백 년간 이순신 신호를 중계해온 거지.,gagarin_005.mp3
326,유리 가가린,gagarin,,"서두르자. 좌표만 따면, 다음 행선지가 정해져.","서두르자. 좌표만 따면, 다음 행선지가 정해져.",gagarin_006.mp3
327,유리 가가린,gagarin,,"그래도 이순신이 거기 있어. 크리그를 멈출 열쇠도, 거기 있고.","그래도 이순신이 거기 있어. 크리그를 멈출 열쇠도, 거기 있고.",gagarin_007.mp3
328,유리 가가린,gagarin,,"이 항로 — 옛 지구 시절, 한 우주국이 비밀 분류해 둔 경로야. 지금은 크리그가 쓰고 있어. 메카니카 부품이 글리제 사백삼십육 분지 교역소에서 크리그로 넘어가. 에이전트 코드명 '오르크'.","이 항로 — 옛 지구 시절, 한 우주국이 비밀 분류해 둔 경로야. 지금은 크리그가 쓰고 있어. 메카니카 부품이 글리제 사백삼십육 분지 교역소에서 크리그로 넘어가. 에이전트 코드명 '오르크'.",gagarin_008.mp3
329,유리 가가린,gagarin,,저 교역소 — 공식 목록에 없는 화물이 계속 들어와. 에이전트 '오르크'가 여기 담당이야.,저 교역소 — 공식 목록에 없는 화물이 계속 들어와. 에이전트 '오르크'가 여기 담당이야.,gagarin_009.mp3
330,유리 가가린,gagarin,,테슬라가 납치됐어. 메카니카 최고 설계자 — 크리그가 억지로 생체 병기를 설계하게 만들고 있어.,테슬라가 납치됐어. 메카니카 최고 설계자 — 크리그가 억지로 생체 병기를 설계하게 만들고 있어.,gagarin_010.mp3
331,유리 가가린,gagarin,,저 컨베이어 동선이 이상해. 크리스탈 일부가 지하로 내려가고 있어. 광산 창고치고 루트가 너무 깊어.,저 컨베이어 동선이 이상해. 크리스탈 일부가 지하로 내려가고 있어. 광산 창고치고 루트가 너무 깊어.,gagarin_011.mp3
332,유리 가가린,gagarin,,그분을 꺼내면… 크리그 방어의 약점을 우리가 손에 쥐는 거군.,그분을 꺼내면… 크리그 방어의 약점을 우리가 손에 쥐는 거군.,gagarin_012.mp3
333,유리 가가린,gagarin,,"지하 감옥으로 드는 길이 있어. 자연 균열대 — 셔틀 한 대 들어갈 폭이야. 좁지만, 가능해.","지하 감옥으로 드는 길이 있어. 자연 균열대 — 셔틀 한 대 들어갈 폭이야. 좁지만, 가능해.",gagarin_013.mp3
334,유리 가가린,gagarin,,이제 그 방패의 설계도가 우리 손에 있어. 장군의 전술이 거꾸로 놈들의 급소를 가리켜.,이제 그 방패의 설계도가 우리 손에 있어. 장군의 전술이 거꾸로 놈들의 급소를 가리켜.,gagarin_014.mp3
335,유리 가가린,gagarin,,먼저 조용히 들어가서 확인해야 해. 소란은 금물.,먼저 조용히 들어가서 확인해야 해. 소란은 금물.,gagarin_015.mp3
336,유리 가가린,gagarin,,글리제. 코르넬리우스 본사가 거기야.,글리제. 코르넬리우스 본사가 거기야.,gagarin_016.mp3
337,유리 가가린,gagarin,,설계는 누가 해? 우리 중에 함선 설계자 없잖아.,설계는 누가 해? 우리 중에 함선 설계자 없잖아.,gagarin_017.mp3
338,유리 가가린,gagarin,,지구. …오래 꿈꿨어. 별을 처음 날던 그날부터.,지구. …오래 꿈꿨어. 별을 처음 날던 그날부터.,gagarin_018.mp3
339,유리 가가린,gagarin,,복호기 정보와 일치해. 슈멜츠 — 거기가 다음 목표다.,복호기 정보와 일치해. 슈멜츠 — 거기가 다음 목표다.,gagarin_019.mp3
340,유리 가가린,gagarin,,그리고 동료들도 구출한다. 동시에.,그리고 동료들도 구출한다. 동시에.,gagarin_020.mp3
341,유리 가가린,gagarin,,캅테인b 균열. 보이드 행성 중 가장 접근성이 좋아. 하지만—,캅테인b 균열. 보이드 행성 중 가장 접근성이 좋아. 하지만—,gagarin_021.mp3
342,유리 가가린,gagarin,,게다가 — 이휘소 박사가 그 근처에 있다고 했잖아. 반드시 찾아야 해.,게다가 — 이휘소 박사가 그 근처에 있다고 했잖아. 반드시 찾아야 해.,gagarin_022.mp3
343,유리 가가린,gagarin,,사령실 데이터 회수. 아이젠클로 — 격파 확인. 봉쇄 집행관이 페스작센에서 끝났어.,사령실 데이터 회수. 아이젠클로 — 격파 확인. 봉쇄 집행관이 페스작센에서 끝났어.,gagarin_023.mp3
344,유리 가가린,gagarin,,단신으로? 미친 짓이야.,단신으로? 미친 짓이야.,gagarin_024.mp3
345,유리 가가린,gagarin,,지구가 — 바로 너머야. 우리가 끝내면 — 사람들이 다시 하늘을 본다.,지구가 — 바로 너머야. 우리가 끝내면 — 사람들이 다시 하늘을 본다.,gagarin_025.mp3
346,유리 가가린,gagarin,,"지구가 — 바로 너머야. 사령관, 결단을 내려.","지구가 — 바로 너머야. 사령관, 결단을 내려.",gagarin_026.mp3
347,유리 가가린,gagarin,,좌익도 깨끗하다. 학익진 — 완성.,좌익도 깨끗하다. 학익진 — 완성.,gagarin_027.mp3
348,유리 가가린,gagarin,,지구야. 정말 지구야.,지구야. 정말 지구야.,gagarin_028.mp3
349,유리 가가린,gagarin,,천구백육십일 년 사월 십이 일. 내가 처음 본 지구. 그때 그대로야.,천구백육십일 년 사월 십이 일. 내가 처음 본 지구. 그때 그대로야.,gagarin_029.mp3
350,유리 가가린,gagarin,,"Поехали! 출발합시다! …아, 아직 전쟁 중인가요?","Поехали! 출발합시다! …아, 아직 전쟁 중인가요?",gagarin_030.mp3
351,유리 가가린,gagarin,,백 년이요? 그러면 제가 처음 우주에 갔을 때가 백칠십 년도 더 됐겠네요. 시간은 정말 이상한 것 같아요.,백 년이요? 그러면 제가 처음 우주에 갔을 때가 백칠십 년도 더 됐겠네요. 시간은 정말 이상한 것 같아요.,gagarin_031.mp3
352,유리 가가린,gagarin,,그래도 우주는 여전히 아름다울 거예요.,그래도 우주는 여전히 아름다울 거예요.,gagarin_032.mp3
353,유리 가가린,gagarin,,이순신 제독이시군요! 당신의 한산도 해전을 공부한 적이 있어요. 소형 함선은 내 전문이에요.,이순신 제독이시군요! 당신의 한산도 해전을 공부한 적이 있어요. 소형 함선은 내 전문이에요.,gagarin_033.mp3
354,유리 가가린,gagarin,,"와, 마르코 폴로 선생까지! 백 년 만의 새 동료가 한꺼번에 둘이라니. 소형 함선은 제 전문이에요 — 기대하셔도 좋습니다.","와, 마르코 폴로 선생까지! 백 년 만의 새 동료가 한꺼번에 둘이라니. 소형 함선은 제 전문이에요 — 기대하셔도 좋습니다.",gagarin_034.mp3
355,유리 가가린,gagarin,,"사령관이시군요. 백 년 만의 첫 동료가 저라니, 영광입니다. 소형 함선은 제 전문이에요 — 어디든 데려다 드리죠.","사령관이시군요. 백 년 만의 첫 동료가 저라니, 영광입니다. 소형 함선은 제 전문이에요 — 어디든 데려다 드리죠.",gagarin_035.mp3
356,장영실,jangyeongsil,,"거북선을… 만들겠다고? 사백 년 전 그 배를, 지금 재료로.","거북선을… 만들겠다고? 사백 년 전 그 배를, 지금 재료로.",jangyeongsil_001.mp3
357,장영실,jangyeongsil,,"중수소 배터리 세 개. 내 시뮬레이터 연료다. 그걸 가져오면 — 한번, 들어주지.","중수소 배터리 세 개. 내 시뮬레이터 연료다. 그걸 가져오면 — 한번, 들어주지.",jangyeongsil_002.mp3
358,장영실,jangyeongsil,,거북선 완성에 저항군 반물질이 스물다섯 개 필요해. 지금 우리한테 있는 건...,거북선 완성에 저항군 반물질이 스물다섯 개 필요해. 지금 우리한테 있는 건...,jangyeongsil_003.mp3
359,장영실,jangyeongsil,,저항군 본부 타이탄H에 비축이 있을 거야. 레인저한테 받아야 해.,저항군 본부 타이탄H에 비축이 있을 거야. 레인저한테 받아야 해.,jangyeongsil_004.mp3
360,장영실,jangyeongsil,,그래서 왔어요. 거북선을 만들 겁니다. 저항군 반물질 스물다섯 개와 제작 베이 지원이 필요해요.,그래서 왔어요. 거북선을 만들 겁니다. 저항군 반물질 스물다섯 개와 제작 베이 지원이 필요해요.,jangyeongsil_005.mp3
361,장영실,jangyeongsil,,"재료 목록, 완성. 사백 년 전 그분의 설계에, 내 손을 더한다. 거북선, 다시 바다로 나갈 수 있어.","재료 목록, 완성. 사백 년 전 그분의 설계에, 내 손을 더한다. 거북선, 다시 바다로 나갈 수 있어.",jangyeongsil_006.mp3
362,장영실,jangyeongsil,,"거북선이 완성되는 날, 그 요새의 벽도 무너져요.","거북선이 완성되는 날, 그 요새의 벽도 무너져요.",jangyeongsil_007.mp3
363,장영실,jangyeongsil,,데이터 복호기로 해독한 로그 — 아이젠클로가 직접 이 행성 공장을 지휘하고 있어. 생체 병기 핵심 코어를 여기서 찍어내는 중이야.,데이터 복호기로 해독한 로그 — 아이젠클로가 직접 이 행성 공장을 지휘하고 있어. 생체 병기 핵심 코어를 여기서 찍어내는 중이야.,jangyeongsil_008.mp3
364,장영실,jangyeongsil,,반란군이라… 이용할 수 있어. 설비를 가동하면 크리그 마그마 코어도 손에 들어오고.,반란군이라… 이용할 수 있어. 설비를 가동하면 크리그 마그마 코어도 손에 들어오고.,jangyeongsil_009.mp3
365,장영실,jangyeongsil,,크리그 마그마 코어 세 개만 더 있으면 — 거북선 용골 재료가 완성돼.,크리그 마그마 코어 세 개만 더 있으면 — 거북선 용골 재료가 완성돼.,jangyeongsil_010.mp3
366,장영실,jangyeongsil,,은하 혼돈 결정 열다섯 개. 그것 없이는 거북선을 못 만들어.,은하 혼돈 결정 열다섯 개. 그것 없이는 거북선을 못 만들어.,jangyeongsil_011.mp3
367,장영실,jangyeongsil,,항법 보조가 안 먹혀. 균열 지도 원석으로 경로를 수동 입력해야 해.,항법 보조가 안 먹혀. 균열 지도 원석으로 경로를 수동 입력해야 해.,jangyeongsil_012.mp3
368,장영실,jangyeongsil,,나한테 있어요.,나한테 있어요.,jangyeongsil_013.mp3
369,장영실,jangyeongsil,,"크리그 마그마 코어 ×팔, 저항군 반물질 ×이십오, 수퍼비아 중력자 ×십, 은하 혼돈 결정 ×십오. 전부 확보됐어.","크리그 마그마 코어 ×팔, 저항군 반물질 ×이십오, 수퍼비아 중력자 ×십, 은하 혼돈 결정 ×십오. 전부 확보됐어.",jangyeongsil_014.mp3
370,장영실,jangyeongsil,,머리를 베어도 꼬리가 남았네. 친위대 잔당이 요새를 붙들고 있어 — 뿌리까지 뽑자.,머리를 베어도 꼬리가 남았네. 친위대 잔당이 요새를 붙들고 있어 — 뿌리까지 뽑자.,jangyeongsil_015.mp3
371,장영실,jangyeongsil,,거북선이 균열을 견딘다. 외피가 잘 버티는군.,거북선이 균열을 견딘다. 외피가 잘 버티는군.,jangyeongsil_016.mp3
372,장영실,jangyeongsil,,거북선 출력 백이십 퍼센트. 전류 방어막 — 활성화.,거북선 출력 백이십 퍼센트. 전류 방어막 — 활성화.,jangyeongsil_017.mp3
373,장영실,jangyeongsil,,거북선 — 최종 강화 완료. 보이드 방어막 해석 장비 통합. ATT·INT 패시브 +오십 퍼센트로 상향.,거북선 — 최종 강화 완료. 보이드 방어막 해석 장비 통합. ATT·INT 패시브 +오십 퍼센트로 상향.,jangyeongsil_018.mp3
374,장영실,jangyeongsil,,거북선 노포 — 전 화력 충전 백 퍼센트. 학익진 일점사 진형 정렬.,거북선 노포 — 전 화력 충전 백 퍼센트. 학익진 일점사 진형 정렬.,jangyeongsil_019.mp3
375,장영실,jangyeongsil,,호위함 전 화력 — 거북선 패시브 +삼십 퍼센트 적용!,호위함 전 화력 — 거북선 패시브 +삼십 퍼센트 적용!,jangyeongsil_020.mp3
376,장영실,jangyeongsil,,"거북선이 — 끝까지 버텼어. 옛 지구의 그 거북선이, 우주에서도.","거북선이 — 끝까지 버텼어. 옛 지구의 그 거북선이, 우주에서도.",jangyeongsil_021.mp3
377,장영실,jangyeongsil,,거북선 제작소를 여기 세우겠어요. 지구의 기술자들과 함께.,거북선 제작소를 여기 세우겠어요. 지구의 기술자들과 함께.,jangyeongsil_022.mp3
378,장영실,jangyeongsil,,총독 경매 낙찰 후 방위군 배치까지 마쳐야 은하계가 안정돼.,총독 경매 낙찰 후 방위군 배치까지 마쳐야 은하계가 안정돼.,jangyeongsil_023.mp3
379,장영실,jangyeongsil,,구출? 나를 가두고 있던 놈들이 내 설계도를 빼앗아 갔소. 백 년 전에. 그것도 없이 무슨 구출이오.,구출? 나를 가두고 있던 놈들이 내 설계도를 빼앗아 갔소. 백 년 전에. 그것도 없이 무슨 구출이오.,jangyeongsil_024.mp3
380,장영실,jangyeongsil,,내 손으로 직접 완성해야지. 나의 절친이자 거북선의 본 설계자 나대용의 정신을 이을 수 있는 자는 이제 없소.,내 손으로 직접 완성해야지. 나의 절친이자 거북선의 본 설계자 나대용의 정신을 이을 수 있는 자는 이제 없소.,jangyeongsil_025.mp3
381,장영실,jangyeongsil,,다른 사람이 만든 거북선은 안 됩니다. 내 손으로 복원해보겠소!,다른 사람이 만든 거북선은 안 됩니다. 내 손으로 복원해보겠소!,jangyeongsil_026.mp3
382,장영실,jangyeongsil,,천 년 전에도 나는 이렇게 했소.,천 년 전에도 나는 이렇게 했소.,jangyeongsil_027.mp3
383,광개토대왕,gwanggaeto,,당신이 사령관인가. 크리그를 상대로 물러서지 않는다고? …마음에 드는군.,당신이 사령관인가. 크리그를 상대로 물러서지 않는다고? …마음에 드는군.,gwanggaeto_001.mp3
384,광개토대왕,gwanggaeto,,소문은 정확하군. 나는 이 은하 어느 세력에도 무릎 꿇지 않아. 자유 상인이지. 허나 — 크리그 같은 것들과는 거래하지 않는다.,소문은 정확하군. 나는 이 은하 어느 세력에도 무릎 꿇지 않아. 자유 상인이지. 허나 — 크리그 같은 것들과는 거래하지 않는다.,gwanggaeto_002.mp3
385,광개토대왕,gwanggaeto,,"이 행성을 내 손에 넣어 보여라. 경매에서 최고가를 불러, 이 땅을 가질 자격을 증명해. 그러면 당신과 함께 가지. 정복할 가치가 있는 상대인지 — 내 눈으로 보겠다.","이 행성을 내 손에 넣어 보여라. 경매에서 최고가를 불러, 이 땅을 가질 자격을 증명해. 그러면 당신과 함께 가지. 정복할 가치가 있는 상대인지 — 내 눈으로 보겠다.",gwanggaeto_003.mp3
386,광개토대왕,gwanggaeto,,우르사 메이저 — 진짜 보스다. 직접 잡아야 끝난다.,우르사 메이저 — 진짜 보스다. 직접 잡아야 끝난다.,gwanggaeto_004.mp3
387,광개토대왕,gwanggaeto,,저기 — 빛이 새어 나온다.,저기 — 빛이 새어 나온다.,gwanggaeto_005.mp3
388,광개토대왕,gwanggaeto,,저 요새를 내 눈으로 무너뜨리는 날이 왔군.,저 요새를 내 눈으로 무너뜨리는 날이 왔군.,gwanggaeto_006.mp3
389,광개토대왕,gwanggaeto,,정복은 — 손이 떨릴 때 멈춰야 한다. 지금 우리 손은 — 떨리지 않는다.,정복은 — 손이 떨릴 때 멈춰야 한다. 지금 우리 손은 — 떨리지 않는다.,gwanggaeto_007.mp3
390,광개토대왕,gwanggaeto,,정복할 시간이다.,정복할 시간이다.,gwanggaeto_008.mp3
391,광개토대왕,gwanggaeto,,우익 — 정리 완료. 호위 친위대 잔존 영.,우익 — 정리 완료. 호위 친위대 잔존 영.,gwanggaeto_009.mp3
392,광개토대왕,gwanggaeto,,정복의 깃발 — 마지막 일격!,정복의 깃발 — 마지막 일격!,gwanggaeto_010.mp3
393,광개토대왕,gwanggaeto,,우리가 새 땅을 열었다. 정복이 아닌 — 해방으로.,우리가 새 땅을 열었다. 정복이 아닌 — 해방으로.,gwanggaeto_011.mp3
394,광개토대왕,gwanggaeto,,정복은 끝. 이제는 — 함께 일구는 시간이다.,정복은 끝. 이제는 — 함께 일구는 시간이다.,gwanggaeto_012.mp3
395,광개토대왕,gwanggaeto,,"일,칠백 년. 내 땅이 다시 내 손에 돌아왔구나.","일,칠백 년. 내 땅이 다시 내 손에 돌아왔구나.",gwanggaeto_013.mp3
396,광개토대왕,gwanggaeto,,사령관이라 했소? 내 땅을 되찾아준 자가 나타나기를 기다렸소. 무엇을 원하오.,사령관이라 했소? 내 땅을 되찾아준 자가 나타나기를 기다렸소. 무엇을 원하오.,gwanggaeto_014.mp3
397,광개토대왕,gwanggaeto,,고구려 정복자가 지구를 정복당한 채 두겠느냐. 내가 선봉에 선다.,고구려 정복자가 지구를 정복당한 채 두겠느냐. 내가 선봉에 선다.,gwanggaeto_015.mp3
398,광개토대왕,gwanggaeto,,"사령관, 최종 명령권은 그대에게 있소.","사령관, 최종 명령권은 그대에게 있소.",gwanggaeto_016.mp3
399,니콜라 테슬라,tesla,,"크리그가 이순신 장군을 '죽이지 않고' 봉인한 이유 — 그게 핵심이야. 수백 년 전, 치크스와 우르사 메이저가 지구를 봉쇄하고 아이젠클로가 항로를 집어삼킬 때, 끝까지 굽히지 않은 단 한 사람. 아이젠클로는 그 전술을 통째로 뽑아내 크리그 방어 알고리즘에 박아 넣었어. 말 그대로 '살아있는 방패'지. 그런데 — 방패의 원본이 깨어나 움직이면? 알고리즘이 제 꼬리를 물고 무너질 수도 있어.","크리그가 이순신 장군을 '죽이지 않고' 봉인한 이유 — 그게 핵심이야. 수백 년 전, 치크스와 우르사 메이저가 지구를 봉쇄하고 아이젠클로가 항로를 집어삼킬 때, 끝까지 굽히지 않은 단 한 사람. 아이젠클로는 그 전술을 통째로 뽑아내 크리그 방어 알고리즘에 박아 넣었어. 말 그대로 '살아있는 방패'지. 그런데 — 방패의 원본이 깨어나 움직이면? 알고리즘이 제 꼬리를 물고 무너질 수도 있어.",tesla_001.mp3
400,니콜라 테슬라,tesla,,바로 그거야. 그래서 크리그는 죽어도 못 놓지.,바로 그거야. 그래서 크리그는 죽어도 못 놓지.,tesla_002.mp3
401,니콜라 테슬라,tesla,,생체 병기 도면은 LHS에서 태워버렸어. …하지만 백업이 어딘가 살아 있을 거야. 방심은 금물.,생체 병기 도면은 LHS에서 태워버렸어. …하지만 백업이 어딘가 살아 있을 거야. 방심은 금물.,tesla_003.mp3
402,니콜라 테슬라,tesla,,제타 레티쿨리 전에 캅테인 균열을 거쳐야 해. 거기 아인슈타인이 있어 — 우르사의 보이드 방어막을 풀 열쇠야.,제타 레티쿨리 전에 캅테인 균열을 거쳐야 해. 거기 아인슈타인이 있어 — 우르사의 보이드 방어막을 풀 열쇠야.,tesla_004.mp3
403,니콜라 테슬라,tesla,,아인슈타인 박사가 이 안에 있어. 보이드 안정화 이론을 실증하려고 단신으로 들어갔지.,아인슈타인 박사가 이 안에 있어. 보이드 안정화 이론을 실증하려고 단신으로 들어갔지.,tesla_005.mp3
404,니콜라 테슬라,tesla,,그게 그의 방식이지. 이론을 몸으로 증명하는 거.,그게 그의 방식이지. 이론을 몸으로 증명하는 거.,tesla_006.mp3
405,니콜라 테슬라,tesla,,박사님 — 백 년 만에 다시 같이 일하는군요.,박사님 — 백 년 만에 다시 같이 일하는군요.,tesla_007.mp3
406,니콜라 테슬라,tesla,,에너지 만충. 거북선 추진 코어 백 퍼센트.,에너지 만충. 거북선 추진 코어 백 퍼센트.,tesla_008.mp3
407,니콜라 테슬라,tesla,,백 년 전 너희가 균열에 던진 노학자 — 그의 이론이다.,백 년 전 너희가 균열에 던진 노학자 — 그의 이론이다.,tesla_009.mp3
408,니콜라 테슬라,tesla,,테슬라 초공간 — ATT ×다섯 발동!,테슬라 초공간 — ATT ×다섯 발동!,tesla_010.mp3
409,니콜라 테슬라,tesla,,다음엔 무선 전력으로 지구 전체를 깔자.,다음엔 무선 전력으로 지구 전체를 깔자.,tesla_011.mp3
410,니콜라 테슬라,tesla,,무선 전력망 재건. 백 년 만에 다시 깔 거야.,무선 전력망 재건. 백 년 만에 다시 깔 거야.,tesla_012.mp3
411,니콜라 테슬라,tesla,,들어오지 마세요! 지금 정밀 조정 중이에요!,들어오지 마세요! 지금 정밀 조정 중이에요!,tesla_013.mp3
412,니콜라 테슬라,tesla,,"진짜요? 확인해볼게요. 데이터 스캔. …맞네요. 정확히 백,이백사십칠 크레딧. 좋습니다.","진짜요? 확인해볼게요. 데이터 스캔. …맞네요. 정확히 백,이백사십칠 크레딧. 좋습니다.",tesla_014.mp3
413,니콜라 테슬라,tesla,,완성이에요! 백 년 만에 완성! 이제 갈 수 있어요!,완성이에요! 백 년 만에 완성! 이제 갈 수 있어요!,tesla_015.mp3
414,호레이쇼 넬슨,nelson,,"옛 지구였지. 마지막으로 본 것은, 그 대해전의 안개였소.","옛 지구였지. 마지막으로 본 것은, 그 대해전의 안개였소.",nelson_001.mp3
415,호레이쇼 넬슨,nelson,,"동방의 거북선 제독… 이름은 들었소. 솔직히, 한 수 위라 인정한 유일한 이름이지. 같은 바다의 영웅을 우주에서 만나다니.","동방의 거북선 제독… 이름은 들었소. 솔직히, 한 수 위라 인정한 유일한 이름이지. 같은 바다의 영웅을 우주에서 만나다니.",nelson_002.mp3
416,호레이쇼 넬슨,nelson,,그 마지막 대해전의 바람을 다시 맞을 줄은 몰랐소. 그대들의 함대에 함께 하지 — 마지막 일전이 어디든.,그 마지막 대해전의 바람을 다시 맞을 줄은 몰랐소. 그대들의 함대에 함께 하지 — 마지막 일전이 어디든.,nelson_003.mp3
417,호레이쇼 넬슨,nelson,,"옛 지구 최후의 대해전 — 그때 우리가 거둔 마지막 승리. 오늘, 다시 우리가 거둔다.","옛 지구 최후의 대해전 — 그때 우리가 거둔 마지막 승리. 오늘, 다시 우리가 거둔다.",nelson_004.mp3
418,호레이쇼 넬슨,nelson,,"그대의 거북선 — 옛 지구 최후의 대해전, 그 빅토리와 어깨를 나란히 하오.","그대의 거북선 — 옛 지구 최후의 대해전, 그 빅토리와 어깨를 나란히 하오.",nelson_005.mp3
419,호레이쇼 넬슨,nelson,,이순신. 설마 당신이오?,이순신. 설마 당신이오?,nelson_006.mp3
420,호레이쇼 넬슨,nelson,,"이백 년의 시차, 두 대륙의 거리… 그것을 이 손바닥이 메우는구려.","이백 년의 시차, 두 대륙의 거리… 그것을 이 손바닥이 메우는구려.",nelson_007.mp3
421,호레이쇼 넬슨,nelson,,"England expects— 아니. 이제는 지구가 기대한다. 합시다, 사령관.","England expects— 아니. 이제는 지구가 기대한다. 합시다, 사령관.",nelson_008.mp3
422,A. 아인슈타인,einstein,,반갑소. 이 균열 안에서 백 년을 기다렸지. 시공은 상대적이니 — 나에게는 그리 길지 않았소.,반갑소. 이 균열 안에서 백 년을 기다렸지. 시공은 상대적이니 — 나에게는 그리 길지 않았소.,einstein_001.mp3
423,A. 아인슈타인,einstein,,우르사의 보이드 방어막 — 일정 주파수에서 공명을 일으키면 영쩜삼초만에 풀리오. 내가 계산을 해주지.,우르사의 보이드 방어막 — 일정 주파수에서 공명을 일으키면 영쩜삼초만에 풀리오. 내가 계산을 해주지.,einstein_002.mp3
424,A. 아인슈타인,einstein,,테슬라. 자네의 무선 전력은 결국 옳았어. 시간이 증명했지.,테슬라. 자네의 무선 전력은 결국 옳았어. 시간이 증명했지.,einstein_003.mp3
425,A. 아인슈타인,einstein,,시공 보정 알고리즘 — 전 함대에 적용 완료. 명중률 +이십 퍼센트. 우르사의 회피 패턴까지 예측 가능.,시공 보정 알고리즘 — 전 함대에 적용 완료. 명중률 +이십 퍼센트. 우르사의 회피 패턴까지 예측 가능.,einstein_004.mp3
426,A. 아인슈타인,einstein,,시공 안정. 보이드 방어막 해석 장비 — 활성화 가능 상태.,시공 안정. 보이드 방어막 해석 장비 — 활성화 가능 상태.,einstein_005.mp3
427,A. 아인슈타인,einstein,,그 알고리즘 — 이순신 장군의 전술이 거꾸로 너의 허점을 가리킨다. 봉인이 풀리면 — 방패가 칼이 되지.,그 알고리즘 — 이순신 장군의 전술이 거꾸로 너의 허점을 가리킨다. 봉인이 풀리면 — 방패가 칼이 되지.,einstein_006.mp3
428,A. 아인슈타인,einstein,,사쩜칠GHz 공명파 — 충전 백 퍼센트. 발사 명령 대기.,사쩜칠GHz 공명파 — 충전 백 퍼센트. 발사 명령 대기.,einstein_007.mp3
429,A. 아인슈타인,einstein,,시공 결정체 보정 — 적용. 보이드 방어막 공명 주파수 락온.,시공 결정체 보정 — 적용. 보이드 방어막 공명 주파수 락온.,einstein_008.mp3
430,A. 아인슈타인,einstein,,가능했지. 백 년 동안 균열 안에서 — 자네들 모르게 결정체를 길러왔거든.,가능했지. 백 년 동안 균열 안에서 — 자네들 모르게 결정체를 길러왔거든.,einstein_009.mp3
431,A. 아인슈타인,einstein,,사쩜칠GHz 공명파 — 발사!,사쩜칠GHz 공명파 — 발사!,einstein_010.mp3
432,A. 아인슈타인,einstein,,시공이 풀렸군. 균열이 닫히고 있어. 자연 상태로 — 돌아간다.,시공이 풀렸군. 균열이 닫히고 있어. 자연 상태로 — 돌아간다.,einstein_011.mp3
433,A. 아인슈타인,einstein,,우주는 상대적이지만 — 고향은 절대적이군.,우주는 상대적이지만 — 고향은 절대적이군.,einstein_012.mp3
434,A. 아인슈타인,einstein,,당신이 왔군요. 예상했습니다.,당신이 왔군요. 예상했습니다.,einstein_013.mp3
435,A. 아인슈타인,einstein,,"나는 백 년 전에 이 순간을 계산했습니다. 당신이 이 좌표에 올 것을, 그 시각까지. 오차 범위 영쩜삼%.","나는 백 년 전에 이 순간을 계산했습니다. 당신이 이 좌표에 올 것을, 그 시각까지. 오차 범위 영쩜삼%.",einstein_014.mp3
436,A. 아인슈타인,einstein,,그리고 백구. 이휘소 박사와 내가 설계했습니다. 역시간 전송 방정식으로.,그리고 백구. 이휘소 박사와 내가 설계했습니다. 역시간 전송 방정식으로.,einstein_015.mp3
437,A. 아인슈타인,einstein,,"치크스도 찾지 못할 위치, 글리제 균열의 간섭을 받는 프록시마B. 사령관의 각성 지점이었습니다.","치크스도 찾지 못할 위치, 글리제 균열의 간섭을 받는 프록시마B. 사령관의 각성 지점이었습니다.",einstein_016.mp3
438,A. 아인슈타인,einstein,,당신이 유일하게 이 두 가지를 동시에 가졌기 때문입니다. 분노와 자비.,당신이 유일하게 이 두 가지를 동시에 가졌기 때문입니다. 분노와 자비.,einstein_017.mp3
439,A. 아인슈타인,einstein,,"치크스를 쓰러뜨릴 분노, 그리고 치크스를 이해할 자비. 분노만 있으면 또 다른 우르사 메이저를 만들 뿐이에요.","치크스를 쓰러뜨릴 분노, 그리고 치크스를 이해할 자비. 분노만 있으면 또 다른 우르사 메이저를 만들 뿐이에요.",einstein_018.mp3
440,이휘소,leehwiso,,누구시오? 이 좌표를 아는 사람이 있다니.,누구시오? 이 좌표를 아는 사람이 있다니.,leehwiso_001.mp3
441,이휘소,leehwiso,,방정식이 완성됐소. 보이드 에너지와 반물질을 결합하면 — 지금껏 이 우주에 없던 무기 에너지가 나와.,방정식이 완성됐소. 보이드 에너지와 반물질을 결합하면 — 지금껏 이 우주에 없던 무기 에너지가 나와.,leehwiso_002.mp3
442,이휘소,leehwiso,,거북선에 그 에너지를 실을 수 있소? 도면이 있다면...,거북선에 그 에너지를 실을 수 있소? 도면이 있다면...,leehwiso_003.mp3
443,이휘소,leehwiso,,"여기가 어디요. 나는 이휘소요, 입자물리학자였소. 백 년을 잤다니...","여기가 어디요. 나는 이휘소요, 입자물리학자였소. 백 년을 잤다니...",leehwiso_004.mp3
444,이휘소,leehwiso,,보이드 행성들은... 뭔가 다를 거야. 우르사 메이저 아래에 있던 행성들이니까.,보이드 행성들은... 뭔가 다를 거야. 우르사 메이저 아래에 있던 행성들이니까.,leehwiso_005.mp3
445,우르사 메이저,ursamajor,,인류의 작은 함대가 마침내 여기까지 왔는가. 백 년의 침묵을 깨고.,인류의 작은 함대가 마침내 여기까지 왔는가. 백 년의 침묵을 깨고.,ursamajor_001.mp3
446,우르사 메이저,ursamajor,,"백 년 전, 나는 너희 별을 봉인했다. 너희 종족의 침묵은 영원할 줄 알았지. 그러나 — 한 캡슐이 다시 깨어났구나.","백 년 전, 나는 너희 별을 봉인했다. 너희 종족의 침묵은 영원할 줄 알았지. 그러나 — 한 캡슐이 다시 깨어났구나.",ursamajor_002.mp3
447,우르사 메이저,ursamajor,,이순신. 너의 전술 데이터는 내 방어 알고리즘의 핵심이었다. 너를 봉인한 것은 — 가장 강한 무기를 빼앗기 위함이었다.,이순신. 너의 전술 데이터는 내 방어 알고리즘의 핵심이었다. 너를 봉인한 것은 — 가장 강한 무기를 빼앗기 위함이었다.,ursamajor_003.mp3
448,우르사 메이저,ursamajor,,아인슈타인까지... 백 년 전 균열에 던져버렸던 노학자가 살아있었다니. 흥미롭군.,아인슈타인까지... 백 년 전 균열에 던져버렸던 노학자가 살아있었다니. 흥미롭군.,ursamajor_004.mp3
449,우르사 메이저,ursamajor,,아이젠클로. 너의 임무는 봉쇄였다. 그러나 너는 봉쇄에 실패했다. 변명은 — 받지 않는다.,아이젠클로. 너의 임무는 봉쇄였다. 그러나 너는 봉쇄에 실패했다. 변명은 — 받지 않는다.,ursamajor_005.mp3
450,우르사 메이저,ursamajor,,호위가 무너졌다. 그러나 나의 본체 방어막은 그 어떤 무기로도 뚫지 못한다. 너희가 가진 것은 — 무엇이냐.,호위가 무너졌다. 그러나 나의 본체 방어막은 그 어떤 무기로도 뚫지 못한다. 너희가 가진 것은 — 무엇이냐.,ursamajor_006.mp3
451,우르사 메이저,ursamajor,,그것은... 시공 공명? 불가능하다. 자연 결정체로는...,그것은... 시공 공명? 불가능하다. 자연 결정체로는...,ursamajor_007.mp3
452,우르사 메이저,ursamajor,,인류... 너희가... 다시... 일어났구나... 봉쇄는... 영원할 수 없었던... 가...,인류... 너희가... 다시... 일어났구나... 봉쇄는... 영원할 수 없었던... 가...,ursamajor_008.mp3
453,아이젠클로,eisenklau,,"기어이 여기까지 기어왔군, 벌레들. 페스작센 — 내 단조로의 심장이다. 우르사 메이저께서 내리신 봉쇄, 그 쇠사슬의 마지막 고리지. 여기서 네놈들을 녹여, 다시 강철로 벼려주마.","기어이 여기까지 기어왔군, 벌레들. 페스작센 — 내 단조로의 심장이다. 우르사 메이저께서 내리신 봉쇄, 그 쇠사슬의 마지막 고리지. 여기서 네놈들을 녹여, 다시 강철로 벼려주마.",eisenklau_001.mp3
454,아이젠클로,eisenklau,,"이순신?! 그 잠든 칼을 누가 깨웠나! …상관없다. 크리그 전 함대, 전열 정비! 저 낡은 거북 껍데기를 — 갈아 부숴라!","이순신?! 그 잠든 칼을 누가 깨웠나! …상관없다. 크리그 전 함대, 전열 정비! 저 낡은 거북 껍데기를 — 갈아 부숴라!",eisenklau_002.mp3
455,아이젠클로,eisenklau,,아니야. 보이드 군주의 의지는 — 나 하나가 아니야. 우르사 메이저는 그분의 손발 중 하나에 불과해.,아니야. 보이드 군주의 의지는 — 나 하나가 아니야. 우르사 메이저는 그분의 손발 중 하나에 불과해.,eisenklau_003.mp3
456,아이젠클로,eisenklau,,우르사 님. 인간들이 거북선이라는 것을 만들었습니다. 거기 — 이순신의 전술 데이터가 적용된 강화 함선입니다.,우르사 님. 인간들이 거북선이라는 것을 만들었습니다. 거기 — 이순신의 전술 데이터가 적용된 강화 함선입니다.,eisenklau_004.mp3
457,아이젠클로,eisenklau,,인간 따위가... 친위대 알파부터 엡실론까지! 전열 정비! 일점사 — 거북선!,인간 따위가... 친위대 알파부터 엡실론까지! 전열 정비! 일점사 — 거북선!,eisenklau_005.mp3
458,볼프 노인,wolfelder,,"당신 눈빛, 그 사람과 똑같군. 백 년 전, 모두가 도망칠 때 혼자 함대를 돌려세운 옛 지구의 한 제독이 있었소. 이걸 맡기며 그랬지 — ""언젠가 알아볼 사람이 온다""고.","당신 눈빛, 그 사람과 똑같군. 백 년 전, 모두가 도망칠 때 혼자 함대를 돌려세운 옛 지구의 한 제독이 있었소. 이걸 맡기며 그랬지 — ""언젠가 알아볼 사람이 온다""고.",wolfelder_001.mp3
459,볼프 노인,wolfelder,,그건 나도 모르오. 허나 나머지 도면을 따라가면 — 그를 만나게 될 거요.,그건 나도 모르오. 허나 나머지 도면을 따라가면 — 그를 만나게 될 거요.,wolfelder_002.mp3
460,아오리,aori,,프록시마B에서? 그 차가운 궤도에서 살아 돌아온 사람은 네가 처음이야. 다들 거기서 잊혀지는데.,프록시마B에서? 그 차가운 궤도에서 살아 돌아온 사람은 네가 처음이야. 다들 거기서 잊혀지는데.,aori_001.mp3
461,아오리,aori,,허. 뭘 팔 거요?,허. 뭘 팔 거요?,aori_002.mp3
462,레인저 맥시모프,maximoff,,"우리 저항군은 지구에서 쫓겨난 사람들이에요. 치크스-우르사 메이저가 지구를 봉쇄하고 크리그가 항로를 장악하기 전, 이순신 장군과 함께 맞서 싸웠던 선조들의 후손이죠. 사백 년 전 이 방공호를 파고 — 여기서 나고, 여기서 잃었어요. 내 아내도, 두 아이도. 그래서 난 지구를 되찾는 걸 멈출 수 없어요. 그건… 가족을 되찾는 일이니까.","우리 저항군은 지구에서 쫓겨난 사람들이에요. 치크스-우르사 메이저가 지구를 봉쇄하고 크리그가 항로를 장악하기 전, 이순신 장군과 함께 맞서 싸웠던 선조들의 후손이죠. 사백 년 전 이 방공호를 파고 — 여기서 나고, 여기서 잃었어요. 내 아내도, 두 아이도. 그래서 난 지구를 되찾는 걸 멈출 수 없어요. 그건… 가족을 되찾는 일이니까.",maximoff_001.mp3
463,레인저 맥시모프,maximoff,,살아남은 것만으론 부족했어요. 지금 크리그가 보급망에 첩자를 심어 우리 내부를 흔들고 있어요. 믿을 수 있는 동료가 절실해요.,살아남은 것만으론 부족했어요. 지금 크리그가 보급망에 첩자를 심어 우리 내부를 흔들고 있어요. 믿을 수 있는 동료가 절실해요.,maximoff_002.mp3
464,레인저 맥시모프,maximoff,,연대의 증표를 먼저. 지구 철광석 — 지구의 땅에서 온 것으로 서약하는 게 우리 전통이에요.,연대의 증표를 먼저. 지구 철광석 — 지구의 땅에서 온 것으로 서약하는 게 우리 전통이에요.,maximoff_003.mp3
465,레인저 맥시모프,maximoff,,"당신들이 직접 왔군요. 코르넬리우스 사건 — 우리도 들었어요. 아이젠클로가 직접 기술을 사들였다면, 위협은 우리 예상보다 깊어요.","당신들이 직접 왔군요. 코르넬리우스 사건 — 우리도 들었어요. 아이젠클로가 직접 기술을 사들였다면, 위협은 우리 예상보다 깊어요.",maximoff_004.mp3
466,레인저 맥시모프,maximoff,,그렇다면 공식 연대 협약을 먼저 맺어야 합니다. 지구의 방식으로.,그렇다면 공식 연대 협약을 먼저 맺어야 합니다. 지구의 방식으로.,maximoff_005.mp3
467,레인저 맥시모프,maximoff,,크리그가 새 거점을 올리고 있어요. 아이젠클로가 직접 지휘 중이에요.,크리그가 새 거점을 올리고 있어요. 아이젠클로가 직접 지휘 중이에요.,maximoff_006.mp3
468,레인저 맥시모프,maximoff,,"제작 베이 준비 완료. 장영실 씨, 시작하시죠.","제작 베이 준비 완료. 장영실 씨, 시작하시죠.",maximoff_007.mp3
469,레인저 맥시모프,maximoff,,페스작센은 끝났습니다. 집행관 아이젠클로 — 격파 확인. 허나 크리그 보급 요새 슈멜츠가 아직 숨 쉬고 있어요.,페스작센은 끝났습니다. 집행관 아이젠클로 — 격파 확인. 허나 크리그 보급 요새 슈멜츠가 아직 숨 쉬고 있어요.,maximoff_008.mp3
470,레인저 맥시모프,maximoff,,사령관. 지구가 — 백 년 만에 — 다시 열렸어요. 의회가 당신을 기다리고 있습니다.,사령관. 지구가 — 백 년 만에 — 다시 열렸어요. 의회가 당신을 기다리고 있습니다.,maximoff_009.mp3
471,레인저 맥시모프,maximoff,,아이젠클로의 친필 항복서 — 의회에 헌정합니다. 백 년 봉쇄의 종결 — 공식 선포.,아이젠클로의 친필 항복서 — 의회에 헌정합니다. 백 년 봉쇄의 종결 — 공식 선포.,maximoff_010.mp3
472,레인저 맥시모프,maximoff,,결의안 채택 완료. 프록시마B부터 글리제 균열까지 — 가 전 은하계 행성 총독권을 경매로 인수한다.,결의안 채택 완료. 프록시마B부터 글리제 균열까지 — 가 전 은하계 행성 총독권을 경매로 인수한다.,maximoff_011.mp3
473,항법 AI,navai,,"아우레우스 정보 칩 해독 시도 — 실패. 치크스 변조 주파수 감지. 현재 장비로는 불가. …기록: 이 암호, 데이터로만 본 적 있음. 실물은, 처음.","아우레우스 정보 칩 해독 시도 — 실패. 치크스 변조 주파수 감지. 현재 장비로는 불가. …기록: 이 암호, 데이터로만 본 적 있음. 실물은, 처음.",navai_001.mp3
474,항법 AI,navai,,지구 진입. 봉쇄 해제 — 자유 항해 모드 활성화. 백 년 만의 첫 인류 함대 착륙.,지구 진입. 봉쇄 해제 — 자유 항해 모드 활성화. 백 년 만의 첫 인류 함대 착륙.,navai_002.mp3
475,볼칸,volcan,,"그뿐만이 아니다 — 마그마 코어 비축고도 통째로. 당신들이 뭘 만들든, 필요하면 가져가라.","그뿐만이 아니다 — 마그마 코어 비축고도 통째로. 당신들이 뭘 만들든, 필요하면 가져가라.",volcan_001.mp3
476,철갈고리 보그,borg,,어이 거기 함대. 이 항로는 내 구역이야. 통행료 ₡만 내놓으면 곱게 보내주지.,어이 거기 함대. 이 항로는 내 구역이야. 통행료 ₡만 내놓으면 곱게 보내주지.,borg_001.mp3
477,밀수왕 카림,karim,,"오, 함선들 좋은데? 흠집 내기 싫으면 ₡만 내. 사업은 사업이니까.","오, 함선들 좋은데? 흠집 내기 싫으면 ₡만 내. 사업은 사업이니까.",karim_001.mp3
478,치크스 군단장 크라쉬,krash,,인간 주제에 감히 여기까지. 목숨값으로 ₡를 바쳐라. 그럼 오늘은 살려두마.,인간 주제에 감히 여기까지. 목숨값으로 ₡를 바쳐라. 그럼 오늘은 살려두마.,krash_001.mp3
479,현상금 사냥꾼 베일,veil,,"네 목에 걸린 현상금보다 ₡가 싸게 먹히겠지? 자, 선택해.","네 목에 걸린 현상금보다 ₡가 싸게 먹히겠지? 자, 선택해.",veil_001.mp3
480,약탈자 도르가,dorga,,함선이 아깝지 않냐? ₡ 내면 못 본 척 해주마. 거절하면… 후회할걸.,함선이 아깝지 않냐? ₡ 내면 못 본 척 해주마. 거절하면… 후회할걸.,dorga_001.mp3
